,Hora,Rat,Shr,Data
0,06:00,4.0912,53.7651,abril
1,06:01,4.0474,51.8337,abril
2,06:02,3.9315,49.916,abril
3,06:03,3.9486,50.5247,abril
4,06:04,3.8758,48.6862,abril
5,06:05,3.9445,50.5387,abril
6,06:06,4.095,50.0958,abril
7,06:07,3.9727,48.2003,abril
8,06:08,4.013,48.2174,abril
9,06:09,4.1106,48.9019,abril
10,06:10,4.0982,50.1073,abril
11,06:11,4.1955,48.9111,abril
12,06:12,4.2711,49.4231,abril
13,06:13,4.1969,48.6113,abril
14,06:14,4.346,49.3877,abril
15,06:15,4.4083,49.7592,abril
16,06:16,4.5542,50.5739,abril
17,06:17,4.6205,50.1484,abril
18,06:18,4.6147,50.6179,abril
19,06:19,4.6294,49.8028,abril
20,06:20,4.5606,49.7505,abril
21,06:21,4.6291,49.7164,abril
22,06:22,4.7112,49.4527,abril
23,06:23,4.773,49.0814,abril
24,06:24,4.8327,50.1609,abril
25,06:25,4.9566,50.6957,abril
26,06:26,5.0377,50.7195,abril
27,06:27,5.2409,50.6137,abril
28,06:28,5.3014,50.6037,abril
29,06:29,5.4911,51.4822,abril
30,06:30,5.431,50.9182,abril
31,06:31,5.6431,51.9774,abril
32,06:32,5.5701,51.0784,abril
33,06:33,5.642,51.4019,abril
34,06:34,5.7064,51.645,abril
35,06:35,5.8753,52.462,abril
36,06:36,5.9401,51.8529,abril
37,06:37,6.0194,51.8039,abril
38,06:38,5.9456,51.9107,abril
39,06:39,5.9583,51.2758,abril
40,06:40,6.1252,51.6407,abril
41,06:41,6.1201,51.2813,abril
42,06:42,6.2151,51.387,abril
43,06:43,6.3505,51.6543,abril
44,06:44,6.3801,52.1576,abril
45,06:45,6.5346,53.4214,abril
46,06:46,6.6526,53.2217,abril
47,06:47,6.8581,55.2212,abril
48,06:48,6.9298,54.9462,abril
49,06:49,7.0427,54.9823,abril
50,06:50,7.1111,55.2216,abril
51,06:51,7.036,53.8571,abril
52,06:52,6.9109,53.0011,abril
53,06:53,6.9684,52.4093,abril
54,06:54,6.9684,51.6863,abril
55,06:55,7.1836,51.855,abril
56,06:56,7.3855,53.0096,abril
57,06:57,7.5224,53.443,abril
58,06:58,7.768,54.6477,abril
59,06:59,7.6141,53.548,abril
60,07:00,7.4704,53.3984,abril
61,07:01,7.858,55.4578,abril
62,07:02,7.6883,54.5506,abril
63,07:03,7.5123,53.2429,abril
64,07:04,7.3976,52.36,abril
65,07:05,7.4968,52.6246,abril
66,07:06,7.6238,53.1966,abril
67,07:07,7.6481,53.3661,abril
68,07:08,7.6551,52.9018,abril
69,07:09,7.5552,51.9631,abril
70,07:10,7.4972,50.7547,abril
71,07:11,7.2853,49.0541,abril
72,07:12,7.4162,49.7761,abril
73,07:13,7.6451,51.0272,abril
74,07:14,7.7285,51.6169,abril
75,07:15,7.5679,50.5946,abril
76,07:16,7.6571,50.7405,abril
77,07:17,7.705,51.1747,abril
78,07:18,7.7405,50.7257,abril
79,07:19,7.8353,51.074,abril
80,07:20,8.0144,51.1435,abril
81,07:21,8.0789,51.3083,abril
82,07:22,8.1552,51.2516,abril
83,07:23,8.0037,50.3608,abril
84,07:24,7.933,49.9963,abril
85,07:25,7.918,49.9302,abril
86,07:26,7.8022,48.8068,abril
87,07:27,8.0725,50.5234,abril
88,07:28,8.307,51.664,abril
89,07:29,8.2193,51.7464,abril
90,07:30,8.3498,52.9991,abril
91,07:31,8.2909,52.0484,abril
92,07:32,8.1695,51.0228,abril
93,07:33,8.3058,51.4579,abril
94,07:34,8.1298,50.4753,abril
95,07:35,8.2692,50.9273,abril
96,07:36,8.3855,51.1726,abril
97,07:37,8.5739,51.8481,abril
98,07:38,8.7284,52.5027,abril
99,07:39,8.6635,52.4932,abril
100,07:40,8.7799,52.8573,abril
101,07:41,8.6906,52.7581,abril
102,07:42,8.644,52.3421,abril
103,07:43,8.7149,52.3848,abril
104,07:44,8.775,52.3307,abril
105,07:45,8.7931,51.7612,abril
106,07:46,8.8559,52.0738,abril
107,07:47,8.931,51.496,abril
108,07:48,8.9934,52.2314,abril
109,07:49,9.1382,53.7208,abril
110,07:50,9.243,53.9114,abril
111,07:51,9.243,54.218,abril
112,07:52,9.2414,53.5289,abril
113,07:53,9.3192,52.9445,abril
114,07:54,9.541,53.2211,abril
115,07:55,9.6394,52.6811,abril
116,07:56,9.4807,51.8374,abril
117,07:57,9.5584,52.6059,abril
118,07:58,9.6744,53.5842,abril
119,07:59,9.6744,53.3371,abril
120,08:00,9.7554,53.3372,abril
121,08:01,9.874,53.8507,abril
122,08:02,9.8325,52.817,abril
123,08:03,9.8922,53.3616,abril
124,08:04,9.9565,53.2289,abril
125,08:05,9.8399,52.2323,abril
126,08:06,10.0054,51.8264,abril
127,08:07,10.0223,51.1278,abril
128,08:08,10.3024,51.8201,abril
129,08:09,10.4464,52.2005,abril
130,08:10,10.2922,50.974,abril
131,08:11,10.4414,51.4829,abril
132,08:12,10.4955,51.6149,abril
133,08:13,10.578,52.2733,abril
134,08:14,10.4959,51.7102,abril
135,08:15,10.5336,51.902,abril
136,08:16,10.5662,51.4458,abril
137,08:17,10.635,51.0235,abril
138,08:18,10.635,51.0144,abril
139,08:19,10.734,51.2667,abril
140,08:20,10.9815,51.9042,abril
141,08:21,11.1237,52.1385,abril
142,08:22,11.3976,52.7876,abril
143,08:23,11.2754,51.9066,abril
144,08:24,11.2556,51.6744,abril
145,08:25,11.2638,50.7378,abril
146,08:26,11.3194,50.4218,abril
147,08:27,11.5208,51.1766,abril
148,08:28,11.5208,50.8868,abril
149,08:29,11.676,51.5899,abril
150,08:30,11.835,51.9332,abril
151,08:31,11.823,51.3878,abril
152,08:32,11.9589,51.1649,abril
153,08:33,12.1596,51.4649,abril
154,08:34,12.0534,50.3978,abril
155,08:35,12.0789,50.8304,abril
156,08:36,12.0883,50.8728,abril
157,08:37,12.1137,50.6492,abril
158,08:38,12.2487,50.9304,abril
159,08:39,12.3293,51.1522,abril
160,08:40,12.3247,51.21,abril
161,08:41,12.2764,50.5117,abril
162,08:42,12.4831,50.8804,abril
163,08:43,12.1538,49.5149,abril
164,08:44,12.0872,48.827,abril
165,08:45,12.0196,48.7654,abril
166,08:46,12.3125,49.314,abril
167,08:47,12.5519,49.5078,abril
168,08:48,12.6068,49.5392,abril
169,08:49,12.5179,49.2431,abril
170,08:50,12.5813,49.3083,abril
171,08:51,12.6609,49.2352,abril
172,08:52,12.8,49.7106,abril
173,08:53,12.8116,49.2561,abril
174,08:54,12.5625,48.7428,abril
175,08:55,12.2568,47.1632,abril
176,08:56,12.2583,46.6822,abril
177,08:57,12.2592,45.9577,abril
178,08:58,12.1046,45.2274,abril
179,08:59,11.9314,44.2054,abril
180,09:00,12.4441,45.2564,abril
181,09:01,12.881,46.2655,abril
182,09:02,12.8907,46.3818,abril
183,09:03,13.1227,46.5533,abril
184,09:04,13.23,46.7514,abril
185,09:05,13.1773,47.1155,abril
186,09:06,12.9612,46.1426,abril
187,09:07,12.7659,45.5966,abril
188,09:08,13.0932,45.7951,abril
189,09:09,12.7694,44.6615,abril
190,09:10,12.6579,44.0889,abril
191,09:11,12.9034,44.7689,abril
192,09:12,12.7678,44.269,abril
193,09:13,13.0595,44.1933,abril
194,09:14,12.7309,43.3955,abril
195,09:15,12.614,43.3289,abril
196,09:16,12.4392,42.6417,abril
197,09:17,12.4392,42.9583,abril
198,09:18,12.296,42.4602,abril
199,09:19,12.227,41.987,abril
200,09:20,12.0819,41.5242,abril
201,09:21,12.1341,41.5295,abril
202,09:22,12.2574,41.9007,abril
203,09:23,12.0172,40.7143,abril
204,09:24,11.7699,39.92,abril
205,09:25,11.7658,39.7993,abril
206,09:26,11.7208,40.026,abril
207,09:27,11.0754,38.1734,abril
208,09:28,10.9017,37.6505,abril
209,09:29,10.7578,37.0145,abril
210,09:30,10.7604,36.8321,abril
211,09:31,10.5734,35.9884,abril
212,09:32,10.4439,35.4502,abril
213,09:33,10.0313,33.811,abril
214,09:34,9.9703,33.5283,abril
215,09:35,10.0474,33.6031,abril
216,09:36,9.9945,33.3263,abril
217,09:37,9.9706,33.171,abril
218,09:38,9.6205,32.1236,abril
219,09:39,9.6131,32.0132,abril
220,09:40,9.8575,32.4455,abril
221,09:41,9.8046,32.2607,abril
222,09:42,9.9169,32.3148,abril
223,09:43,10.0545,32.8701,abril
224,09:44,9.8403,32.3006,abril
225,09:45,9.7801,32.2356,abril
226,09:46,9.7266,32.027,abril
227,09:47,9.8912,32.4649,abril
228,09:48,9.7777,32.3661,abril
229,09:49,9.5161,31.5911,abril
230,09:50,9.6115,31.7143,abril
231,09:51,9.6081,31.6916,abril
232,09:52,9.4669,31.3845,abril
233,09:53,9.3449,30.8515,abril
234,09:54,9.4164,30.8681,abril
235,09:55,9.2052,30.2301,abril
236,09:56,9.1972,30.3258,abril
237,09:57,8.9951,30.0199,abril
238,09:58,8.9657,29.6886,abril
239,09:59,8.8716,29.4622,abril
240,10:00,8.7992,29.3913,abril
241,10:01,8.7763,29.101,abril
242,10:02,8.6408,28.8738,abril
243,10:03,8.5694,28.3836,abril
244,10:04,8.7135,28.7573,abril
245,10:05,8.7164,28.9049,abril
246,10:06,8.7846,29.2394,abril
247,10:07,8.7364,28.698,abril
248,10:08,8.7428,28.8491,abril
249,10:09,8.682,28.5554,abril
250,10:10,8.5811,28.243,abril
251,10:11,8.6573,28.1761,abril
252,10:12,8.4661,27.8505,abril
253,10:13,8.4661,27.6579,abril
254,10:14,8.2009,27.1371,abril
255,10:15,8.1107,27.0282,abril
256,10:16,8.015,26.627,abril
257,10:17,7.9521,26.27,abril
258,10:18,7.8512,25.8511,abril
259,10:19,7.8346,25.9863,abril
260,10:20,7.6764,25.1619,abril
261,10:21,8.0262,26.2602,abril
262,10:22,7.8682,25.7193,abril
263,10:23,7.8137,25.3601,abril
264,10:24,7.683,24.7487,abril
265,10:25,7.6685,24.6449,abril
266,10:26,7.3502,23.6368,abril
267,10:27,7.2995,23.8552,abril
268,10:28,7.5161,24.6276,abril
269,10:29,7.5273,24.5563,abril
270,10:30,7.3933,23.8262,abril
271,10:31,7.5476,24.2894,abril
272,10:32,7.4763,24.0908,abril
273,10:33,7.3254,23.7223,abril
274,10:34,7.4088,24.0579,abril
275,10:35,7.3343,23.8877,abril
276,10:36,7.6883,25.0407,abril
277,10:37,7.7648,25.4621,abril
278,10:38,7.9914,26.2024,abril
279,10:39,8.0078,26.0017,abril
280,10:40,7.9948,25.8764,abril
281,10:41,7.8177,25.1715,abril
282,10:42,7.8752,25.2771,abril
283,10:43,7.8956,25.434,abril
284,10:44,7.9558,25.4956,abril
285,10:45,7.8739,25.1665,abril
286,10:46,8.003,25.6138,abril
287,10:47,8.003,25.5768,abril
288,10:48,8.1441,26.0092,abril
289,10:49,8.1508,26.1712,abril
290,10:50,8.0343,25.6071,abril
291,10:51,7.8783,24.9059,abril
292,10:52,7.8159,24.6931,abril
293,10:53,7.8159,24.6852,abril
294,10:54,7.6126,24.1246,abril
295,10:55,7.6709,24.374,abril
296,10:56,7.5798,23.9115,abril
297,10:57,7.5722,24.003,abril
298,10:58,7.6946,24.1949,abril
299,10:59,7.7099,24.1419,abril
300,11:00,7.6305,24.0581,abril
301,11:01,7.7679,24.2369,abril
302,11:02,7.7482,24.1264,abril
303,11:03,7.8276,24.3141,abril
304,11:04,7.7345,24.3138,abril
305,11:05,7.8314,24.6794,abril
306,11:06,7.9167,25.0347,abril
307,11:07,7.6624,24.1231,abril
308,11:08,7.7212,24.217,abril
309,11:09,7.8744,24.5832,abril
310,11:10,7.8819,24.6549,abril
311,11:11,7.7336,24.0947,abril
312,11:12,7.4672,23.1589,abril
313,11:13,7.3884,22.8295,abril
314,11:14,7.3845,22.9086,abril
315,11:15,7.3845,22.957,abril
316,11:16,7.3902,22.854,abril
317,11:17,7.3898,22.925,abril
318,11:18,7.6946,23.7183,abril
319,11:19,7.7665,23.8959,abril
320,11:20,7.6971,23.436,abril
321,11:21,7.6971,23.609,abril
322,11:22,7.7075,23.3787,abril
323,11:23,7.6466,23.3384,abril
324,11:24,7.6333,23.1435,abril
325,11:25,7.533,22.8233,abril
326,11:26,7.5894,22.7297,abril
327,11:27,7.6641,22.9194,abril
328,11:28,7.6683,22.8377,abril
329,11:29,7.7885,23.1431,abril
330,11:30,7.7904,23.1294,abril
331,11:31,7.4717,22.0636,abril
332,11:32,7.4853,22.1658,abril
333,11:33,7.6296,22.6862,abril
334,11:34,7.8508,23.1237,abril
335,11:35,7.9259,23.3782,abril
336,11:36,7.926,23.3903,abril
337,11:37,7.8349,23.0887,abril
338,11:38,7.9846,23.6209,abril
339,11:39,8.2012,24.1161,abril
340,11:40,8.2825,24.2147,abril
341,11:41,8.4137,24.5144,abril
342,11:42,8.332,24.0705,abril
343,11:43,8.1526,23.5059,abril
344,11:44,7.9272,22.6599,abril
345,11:45,7.9421,22.7514,abril
346,11:46,7.8883,22.1876,abril
347,11:47,8.0181,22.5463,abril
348,11:48,8.0181,22.6493,abril
349,11:49,8.0936,22.8009,abril
350,11:50,8.3152,23.4116,abril
351,11:51,8.2323,23.1755,abril
352,11:52,8.162,22.7485,abril
353,11:53,8.4637,23.3883,abril
354,11:54,8.5146,23.5155,abril
355,11:55,8.3492,23.14,abril
356,11:56,8.2105,22.7212,abril
357,11:57,8.1391,22.6207,abril
358,11:58,8.0973,22.3072,abril
359,11:59,8.0857,22.2565,abril
360,12:00,8.1674,22.4615,abril
361,12:01,8.3774,23.3314,abril
362,12:02,8.3705,23.2115,abril
363,12:03,8.2066,22.3612,abril
364,12:04,8.2628,22.4234,abril
365,12:05,8.1764,22.1401,abril
366,12:06,8.309,22.508,abril
367,12:07,8.8736,23.8326,abril
368,12:08,8.8664,23.7373,abril
369,12:09,8.8498,23.688,abril
370,12:10,8.8496,23.6501,abril
371,12:11,8.9195,23.6396,abril
372,12:12,8.8728,23.2371,abril
373,12:13,8.9029,23.0945,abril
374,12:14,8.9073,23.1255,abril
375,12:15,8.5838,22.5747,abril
376,12:16,8.8718,23.1058,abril
377,12:17,8.7395,22.7925,abril
378,12:18,8.7501,22.8158,abril
379,12:19,8.8301,22.9061,abril
380,12:20,8.6743,22.2736,abril
381,12:21,8.7397,22.4739,abril
382,12:22,8.8786,22.7026,abril
383,12:23,8.8942,22.8336,abril
384,12:24,8.7616,22.4322,abril
385,12:25,8.7012,22.0904,abril
386,12:26,8.8498,22.2833,abril
387,12:27,9.1205,22.9846,abril
388,12:28,9.1045,22.8704,abril
389,12:29,9.0917,22.9178,abril
390,12:30,9.0696,22.7058,abril
391,12:31,9.1272,22.8971,abril
392,12:32,8.867,22.0373,abril
393,12:33,8.7169,21.5636,abril
394,12:34,8.6682,21.4195,abril
395,12:35,8.9755,22.0494,abril
396,12:36,8.9648,22.021,abril
397,12:37,9.0742,22.2102,abril
398,12:38,8.8459,21.6991,abril
399,12:39,8.9326,21.9779,abril
400,12:40,8.9167,21.8363,abril
401,12:41,8.9777,22.1074,abril
402,12:42,8.9756,22.0363,abril
403,12:43,9.2459,22.6157,abril
404,12:44,9.301,22.8023,abril
405,12:45,9.6038,23.4689,abril
406,12:46,9.4372,23.0332,abril
407,12:47,9.6199,23.3036,abril
408,12:48,9.5876,23.1033,abril
409,12:49,9.6663,23.1897,abril
410,12:50,9.7273,23.3048,abril
411,12:51,9.6808,23.03,abril
412,12:52,9.6809,23.0948,abril
413,12:53,9.8645,23.4599,abril
414,12:54,9.9121,23.4891,abril
415,12:55,9.9297,23.5327,abril
416,12:56,10.0293,23.6893,abril
417,12:57,10.0392,23.7307,abril
418,12:58,10.232,24.1396,abril
419,12:59,10.2035,23.9628,abril
420,13:00,9.9064,23.2561,abril
421,13:01,10.3046,24.2893,abril
422,13:02,10.1681,23.9674,abril
423,13:03,10.2494,24.1078,abril
424,13:04,10.31,24.0967,abril
425,13:05,10.3453,24.2351,abril
426,13:06,10.4911,24.3669,abril
427,13:07,10.4843,24.4033,abril
428,13:08,10.4007,24.075,abril
429,13:09,10.3105,23.8321,abril
430,13:10,10.5255,24.3415,abril
431,13:11,10.5769,24.4611,abril
432,13:12,10.7027,24.7362,abril
433,13:13,10.7869,25.1022,abril
434,13:14,10.8636,25.2375,abril
435,13:15,10.7897,25.1178,abril
436,13:16,10.8252,25.2161,abril
437,13:17,10.8248,25.0642,abril
438,13:18,10.9518,25.4414,abril
439,13:19,10.8667,25.2953,abril
440,13:20,10.9017,25.2097,abril
441,13:21,10.8438,25.1234,abril
442,13:22,10.7494,25.132,abril
443,13:23,10.8169,25.0664,abril
444,13:24,10.8979,25.2651,abril
445,13:25,11.1274,25.6146,abril
446,13:26,10.9265,25.1516,abril
447,13:27,11.2652,25.9236,abril
448,13:28,11.4696,26.5358,abril
449,13:29,11.8188,27.218,abril
450,13:30,11.9589,27.3878,abril
451,13:31,11.7917,27.0853,abril
452,13:32,11.6661,26.7427,abril
453,13:33,11.6661,26.6675,abril
454,13:34,11.8064,27.0697,abril
455,13:35,11.8698,26.9636,abril
456,13:36,11.7371,26.6581,abril
457,13:37,11.6664,26.4631,abril
458,13:38,11.5232,25.9706,abril
459,13:39,11.5617,26.0504,abril
460,13:40,11.507,25.8871,abril
461,13:41,11.7668,26.6569,abril
462,13:42,11.9002,27.0606,abril
463,13:43,12.2113,27.7618,abril
464,13:44,12.2116,27.7076,abril
465,13:45,12.3723,27.9543,abril
466,13:46,12.4874,28.0491,abril
467,13:47,12.6088,28.3585,abril
468,13:48,12.5031,28.0662,abril
469,13:49,12.7347,28.4072,abril
470,13:50,12.5466,28.0641,abril
471,13:51,12.6222,28.3651,abril
472,13:52,12.9492,28.8841,abril
473,13:53,13.027,29.0727,abril
474,13:54,12.9593,28.8232,abril
475,13:55,12.9551,28.7751,abril
476,13:56,12.9759,28.7995,abril
477,13:57,12.8896,28.4335,abril
478,13:58,12.8812,28.2468,abril
479,13:59,13.0185,28.5476,abril
480,14:00,13.1614,28.8982,abril
481,14:01,13.2012,29.1184,abril
482,14:02,13.1761,29.2539,abril
483,14:03,13.1622,29.0933,abril
484,14:04,13.0635,28.7797,abril
485,14:05,13.1791,29.1847,abril
486,14:06,13.1197,29.1577,abril
487,14:07,13.2117,29.4883,abril
488,14:08,13.0669,29.1056,abril
489,14:09,12.9672,29.0197,abril
490,14:10,12.8949,28.7651,abril
491,14:11,12.6983,28.3428,abril
492,14:12,13.037,29.0487,abril
493,14:13,12.871,28.7273,abril
494,14:14,12.8541,28.7288,abril
495,14:15,12.6724,28.4421,abril
496,14:16,12.679,28.5263,abril
497,14:17,12.3491,27.8683,abril
498,14:18,12.4551,27.8459,abril
499,14:19,12.6206,28.2254,abril
500,14:20,12.2483,27.0927,abril
501,14:21,11.1744,24.8403,abril
502,14:22,11.0123,24.5506,abril
503,14:23,11.2095,24.8227,abril
504,14:24,10.8702,24.07,abril
505,14:25,10.9404,24.2244,abril
506,14:26,10.9278,24.199,abril
507,14:27,10.6482,23.4396,abril
508,14:28,10.5876,23.525,abril
509,14:29,10.6484,23.375,abril
510,14:30,10.7094,23.5129,abril
511,14:31,10.787,23.7908,abril
512,14:32,10.6514,23.4698,abril
513,14:33,10.5075,23.2185,abril
514,14:34,10.3826,23.0474,abril
515,14:35,10.5933,23.4148,abril
516,14:36,10.3642,22.9491,abril
517,14:37,10.3228,22.9978,abril
518,14:38,10.4005,23.0904,abril
519,14:39,10.3612,23.1172,abril
520,14:40,10.3533,23.018,abril
521,14:41,10.343,23.075,abril
522,14:42,10.5521,23.4785,abril
523,14:43,10.4873,23.466,abril
524,14:44,10.4928,23.5861,abril
525,14:45,10.6902,23.9772,abril
526,14:46,10.7579,24.0159,abril
527,14:47,10.741,24.0571,abril
528,14:48,10.8856,24.4525,abril
529,14:49,10.9457,24.7437,abril
530,14:50,10.9848,24.7535,abril
531,14:51,10.8004,24.1754,abril
532,14:52,10.8707,24.6171,abril
533,14:53,10.9886,24.7076,abril
534,14:54,11.0712,24.8108,abril
535,14:55,10.9526,24.7513,abril
536,14:56,10.6208,23.8805,abril
537,14:57,10.7552,24.2032,abril
538,14:58,10.7807,24.1367,abril
539,14:59,10.6948,23.9567,abril
540,15:00,10.6039,24.0093,abril
541,15:01,10.5124,23.874,abril
542,15:02,10.4825,23.7196,abril
543,15:03,10.3468,23.3982,abril
544,15:04,10.3649,23.5713,abril
545,15:05,10.3554,23.5491,abril
546,15:06,10.3555,23.4351,abril
547,15:07,10.2702,23.327,abril
548,15:08,10.451,23.597,abril
549,15:09,10.4456,23.5595,abril
550,15:10,10.6626,23.9569,abril
551,15:11,10.6743,23.8451,abril
552,15:12,10.681,23.9343,abril
553,15:13,10.681,23.9824,abril
554,15:14,10.7504,24.0161,abril
555,15:15,10.7471,24.1921,abril
556,15:16,11.0144,24.8494,abril
557,15:17,11.2453,25.4453,abril
558,15:18,11.4687,25.9737,abril
559,15:19,11.3888,25.8133,abril
560,15:20,11.5052,26.2073,abril
561,15:21,11.6568,26.3842,abril
562,15:22,11.5744,26.3267,abril
563,15:23,11.4975,26.1728,abril
564,15:24,11.5975,26.3566,abril
565,15:25,11.9192,27.1567,abril
566,15:26,11.9344,27.2489,abril
567,15:27,11.9908,27.4317,abril
568,15:28,11.7403,26.8041,abril
569,15:29,11.2626,25.7729,abril
570,15:30,11.2534,25.8083,abril
571,15:31,11.2523,25.6418,abril
572,15:32,11.4266,25.9133,abril
573,15:33,11.2186,25.515,abril
574,15:34,11.086,25.0637,abril
575,15:35,10.7817,24.3396,abril
576,15:36,10.5214,23.7606,abril
577,15:37,10.5798,23.9889,abril
578,15:38,10.5566,23.8612,abril
579,15:39,10.228,23.1472,abril
580,15:40,10.2939,23.3524,abril
581,15:41,10.3588,23.3723,abril
582,15:42,10.1796,22.8589,abril
583,15:43,10.4874,23.6719,abril
584,15:44,10.308,23.1662,abril
585,15:45,10.115,22.6223,abril
586,15:46,9.5481,21.3975,abril
587,15:47,9.7526,21.7737,abril
588,15:48,9.4024,21.1346,abril
589,15:49,9.1273,20.5362,abril
590,15:50,9.4473,21.2539,abril
591,15:51,9.2223,20.8361,abril
592,15:52,9.3705,21.0376,abril
593,15:53,9.5311,21.092,abril
594,15:54,9.8141,21.559,abril
595,15:55,9.7613,21.4055,abril
596,15:56,9.7646,21.4632,abril
597,15:57,9.9948,21.7592,abril
598,15:58,9.9666,21.8143,abril
599,15:59,10.2061,22.3211,abril
600,16:00,10.656,23.5351,abril
601,16:01,10.781,23.6672,abril
602,16:02,11.0542,24.3252,abril
603,16:03,11.2938,24.4824,abril
604,16:04,11.5494,25.1473,abril
605,16:05,11.8692,25.6438,abril
606,16:06,11.742,25.2539,abril
607,16:07,11.893,25.6167,abril
608,16:08,12.3156,26.5208,abril
609,16:09,12.344,26.3874,abril
610,16:10,12.0833,25.8493,abril
611,16:11,12.0669,26.0456,abril
612,16:12,12.2676,26.3068,abril
613,16:13,12.3655,26.6422,abril
614,16:14,12.29,26.4459,abril
615,16:15,12.1928,26.3039,abril
616,16:16,12.0426,26.117,abril
617,16:17,12.2484,26.4832,abril
618,16:18,12.1953,26.4153,abril
619,16:19,12.2778,26.3485,abril
620,16:20,12.3186,26.6403,abril
621,16:21,11.9245,25.7872,abril
622,16:22,12.0139,26.0115,abril
623,16:23,12.2392,26.5455,abril
624,16:24,12.2202,26.6144,abril
625,16:25,12.222,26.4937,abril
626,16:26,12.2296,26.694,abril
627,16:27,12.2484,26.6896,abril
628,16:28,12.4048,27.0277,abril
629,16:29,12.3432,26.7697,abril
630,16:30,12.4293,26.7142,abril
631,16:31,12.5084,27.0209,abril
632,16:32,12.7497,27.2892,abril
633,16:33,12.7788,27.4541,abril
634,16:34,12.8287,27.6166,abril
635,16:35,12.6526,27.4555,abril
636,16:36,12.5006,27.1253,abril
637,16:37,12.3211,26.9429,abril
638,16:38,12.3214,26.9408,abril
639,16:39,12.524,27.4683,abril
640,16:40,12.7518,27.9216,abril
641,16:41,12.9532,28.2172,abril
642,16:42,12.7176,27.5779,abril
643,16:43,13.028,28.0992,abril
644,16:44,13.0869,28.1881,abril
645,16:45,12.8817,27.6656,abril
646,16:46,12.7526,27.131,abril
647,16:47,12.7189,27.0815,abril
648,16:48,12.7116,27.2023,abril
649,16:49,12.8633,27.4847,abril
650,16:50,12.6629,27.0624,abril
651,16:51,12.2936,26.2321,abril
652,16:52,12.1258,25.9206,abril
653,16:53,11.9221,25.3642,abril
654,16:54,11.3743,24.1805,abril
655,16:55,11.1808,23.7386,abril
656,16:56,11.4317,24.3012,abril
657,16:57,11.4527,24.3463,abril
658,16:58,11.4618,24.4873,abril
659,16:59,11.2385,24.1914,abril
660,17:00,11.4952,24.5213,abril
661,17:01,11.462,24.3882,abril
662,17:02,11.5438,24.4825,abril
663,17:03,11.7435,24.9941,abril
664,17:04,11.8588,25.2738,abril
665,17:05,11.7827,25.1578,abril
666,17:06,11.6722,24.6894,abril
667,17:07,11.7259,24.9579,abril
668,17:08,11.8578,25.2429,abril
669,17:09,11.8175,25.1115,abril
670,17:10,11.826,25.0575,abril
671,17:11,11.8751,25.1458,abril
672,17:12,12.1317,25.551,abril
673,17:13,11.9501,25.1291,abril
674,17:14,11.8815,25.0975,abril
675,17:15,12.1639,25.6567,abril
676,17:16,12.3301,25.9442,abril
677,17:17,12.1858,25.5831,abril
678,17:18,11.976,25.2164,abril
679,17:19,11.9171,25.0632,abril
680,17:20,11.9185,25.0663,abril
681,17:21,12.0257,25.1114,abril
682,17:22,12.0243,25.1458,abril
683,17:23,12.2964,25.6566,abril
684,17:24,12.1126,25.2501,abril
685,17:25,12.0098,25.096,abril
686,17:26,11.948,25.0297,abril
687,17:27,11.8919,24.7248,abril
688,17:28,12.153,25.2822,abril
689,17:29,12.5612,26.1675,abril
690,17:30,12.7172,26.4563,abril
691,17:31,12.8698,26.6591,abril
692,17:32,12.6852,26.2929,abril
693,17:33,12.7852,26.5005,abril
694,17:34,12.8074,26.3553,abril
695,17:35,12.8279,26.3557,abril
696,17:36,12.5296,25.7695,abril
697,17:37,12.6454,25.9905,abril
698,17:38,12.769,26.3274,abril
699,17:39,12.7401,26.2816,abril
700,17:40,12.7616,26.1973,abril
701,17:41,12.8291,26.4675,abril
702,17:42,13.1087,27.0554,abril
703,17:43,13.2872,27.4453,abril
704,17:44,13.7332,28.1526,abril
705,17:45,13.9627,28.5974,abril
706,17:46,14.4557,29.6482,abril
707,17:47,14.8578,30.2531,abril
708,17:48,14.5958,29.6312,abril
709,17:49,14.2683,29.1901,abril
710,17:50,14.6296,29.838,abril
711,17:51,14.7439,29.9301,abril
712,17:52,14.6565,30.0464,abril
713,17:53,14.3399,29.3568,abril
714,17:54,14.2017,29.1315,abril
715,17:55,14.0599,28.8255,abril
716,17:56,13.893,28.5693,abril
717,17:57,14.2044,29.1278,abril
718,17:58,14.1101,28.9216,abril
719,17:59,14.125,29.3173,abril
720,18:00,14.4231,29.6186,abril
721,18:01,13.9202,28.6781,abril
722,18:02,13.4973,27.8465,abril
723,18:03,13.2926,27.5494,abril
724,18:04,13.3174,27.3227,abril
725,18:05,13.3472,27.2054,abril
726,18:06,13.0751,26.7013,abril
727,18:07,12.9037,26.4783,abril
728,18:08,12.5459,25.8351,abril
729,18:09,12.3695,25.562,abril
730,18:10,12.3997,25.5923,abril
731,18:11,12.262,25.2645,abril
732,18:12,11.9639,24.7039,abril
733,18:13,11.7317,24.2737,abril
734,18:14,11.7464,24.1122,abril
735,18:15,11.8593,24.3701,abril
736,18:16,11.9581,24.5311,abril
737,18:17,11.9034,24.476,abril
738,18:18,12.0732,24.681,abril
739,18:19,11.9278,24.3819,abril
740,18:20,11.991,24.5911,abril
741,18:21,12.1217,24.8448,abril
742,18:22,12.4687,25.4135,abril
743,18:23,12.5228,25.6617,abril
744,18:24,12.3645,25.3894,abril
745,18:25,12.2893,25.2893,abril
746,18:26,12.305,25.4505,abril
747,18:27,12.3764,25.5198,abril
748,18:28,12.3782,25.7101,abril
749,18:29,12.4397,25.7257,abril
750,18:30,12.507,25.6462,abril
751,18:31,12.5777,25.7311,abril
752,18:32,12.442,25.4478,abril
753,18:33,12.8703,26.2245,abril
754,18:34,12.7975,26.2242,abril
755,18:35,12.8381,26.3352,abril
756,18:36,12.8997,26.3851,abril
757,18:37,12.9699,26.4111,abril
758,18:38,12.8421,26.2211,abril
759,18:39,12.7764,26.0126,abril
760,18:40,12.8485,26.108,abril
761,18:41,13.0044,26.4972,abril
762,18:42,13.1586,26.6895,abril
763,18:43,12.949,26.358,abril
764,18:44,13.2776,26.9604,abril
765,18:45,13.3595,27.0603,abril
766,18:46,13.092,26.5063,abril
767,18:47,13.3068,26.8505,abril
768,18:48,13.3661,26.9835,abril
769,18:49,13.7039,27.6301,abril
770,18:50,14.1809,28.5362,abril
771,18:51,14.2996,28.7307,abril
772,18:52,14.602,29.3157,abril
773,18:53,14.504,29.0234,abril
774,18:54,14.3439,28.5099,abril
775,18:55,14.4131,28.6475,abril
776,18:56,14.2693,28.5515,abril
777,18:57,13.9828,27.9911,abril
778,18:58,13.9039,27.8048,abril
779,18:59,14.0045,27.8515,abril
780,19:00,14.009,27.8661,abril
781,19:01,14.4454,28.785,abril
782,19:02,14.1449,28.1055,abril
783,19:03,14.2814,28.4017,abril
784,19:04,14.7296,28.9954,abril
785,19:05,14.6608,29.0301,abril
786,19:06,14.7269,29.0523,abril
787,19:07,14.6619,28.8776,abril
788,19:08,14.8694,29.2754,abril
789,19:09,15.0177,29.627,abril
790,19:10,14.8635,29.4719,abril
791,19:11,14.9278,29.5368,abril
792,19:12,15.228,30.2806,abril
793,19:13,15.1579,30.2727,abril
794,19:14,15.2731,30.2838,abril
795,19:15,15.3091,30.2867,abril
796,19:16,15.1172,29.9207,abril
797,19:17,15.0644,29.85,abril
798,19:18,15.1346,29.9512,abril
799,19:19,15.3267,30.1688,abril
800,19:20,15.2848,29.9246,abril
801,19:21,15.0682,29.4655,abril
802,19:22,15.1989,29.5141,abril
803,19:23,15.1402,29.7369,abril
804,19:24,15.396,30.1947,abril
805,19:25,15.2529,29.988,abril
806,19:26,15.2604,30.1802,abril
807,19:27,15.2487,30.1173,abril
808,19:28,15.1668,29.7824,abril
809,19:29,15.1589,29.6799,abril
810,19:30,15.4221,30.1401,abril
811,19:31,15.3264,29.7854,abril
812,19:32,15.3772,29.8099,abril
813,19:33,15.5823,30.1511,abril
814,19:34,15.7226,30.3254,abril
815,19:35,15.7392,30.4158,abril
816,19:36,15.6827,30.3016,abril
817,19:37,15.7745,30.6187,abril
818,19:38,15.9232,30.7144,abril
819,19:39,15.928,30.7082,abril
820,19:40,15.6132,30.2142,abril
821,19:41,15.4819,30.0693,abril
822,19:42,15.5024,30.0579,abril
823,19:43,15.9528,30.8539,abril
824,19:44,16.1261,31.0159,abril
825,19:45,16.4318,31.5033,abril
826,19:46,16.5072,31.7357,abril
827,19:47,16.3404,31.6395,abril
828,19:48,16.3688,31.6076,abril
829,19:49,16.2965,31.6848,abril
830,19:50,16.455,31.7434,abril
831,19:51,16.5453,31.7737,abril
832,19:52,16.5821,31.5136,abril
833,19:53,16.225,30.8217,abril
834,19:54,16.0281,30.4852,abril
835,19:55,15.9855,30.5439,abril
836,19:56,15.7111,30.0328,abril
837,19:57,15.8348,30.3964,abril
838,19:58,15.925,30.3822,abril
839,19:59,16.0656,30.5997,abril
840,20:00,16.1523,30.9841,abril
841,20:01,16.2729,31.0789,abril
842,20:02,16.48,31.5281,abril
843,20:03,16.67,31.7549,abril
844,20:04,17.2165,32.8258,abril
845,20:05,17.2626,32.9699,abril
846,20:06,17.6402,33.5738,abril
847,20:07,17.711,33.8336,abril
848,20:08,17.73,33.8408,abril
849,20:09,17.9745,34.1567,abril
850,20:10,18.1572,34.3224,abril
851,20:11,18.1479,34.5379,abril
852,20:12,18.1521,34.4803,abril
853,20:13,18.2115,34.652,abril
854,20:14,18.3329,35.0364,abril
855,20:15,18.3465,34.7912,abril
856,20:16,18.1606,34.3145,abril
857,20:17,18.4383,34.8812,abril
858,20:18,18.5303,35.0057,abril
859,20:19,18.7142,35.302,abril
860,20:20,18.6717,35.1825,abril
861,20:21,18.7613,35.3743,abril
862,20:22,18.8421,35.3713,abril
863,20:23,18.7325,35.3091,abril
864,20:24,18.303,34.6071,abril
865,20:25,18.5235,35.0032,abril
866,20:26,18.5238,35.0037,abril
867,20:27,18.5263,34.8571,abril
868,20:28,18.3154,34.6958,abril
869,20:29,18.3364,34.7113,abril
870,20:30,18.2358,34.5901,abril
871,20:31,17.8353,33.8582,abril
872,20:32,17.3727,32.9475,abril
873,20:33,17.1513,32.7585,abril
874,20:34,17.0351,32.5374,abril
875,20:35,16.9527,32.2576,abril
876,20:36,16.9288,32.159,abril
877,20:37,16.8876,32.0422,abril
878,20:38,17.0906,32.4479,abril
879,20:39,16.7581,31.8997,abril
880,20:40,16.5338,31.5923,abril
881,20:41,16.6219,31.7076,abril
882,20:42,16.6657,31.886,abril
883,20:43,16.8383,32.1688,abril
884,20:44,16.9151,32.3315,abril
885,20:45,16.8354,32.2369,abril
886,20:46,17.0622,32.6623,abril
887,20:47,17.0113,32.6158,abril
888,20:48,17.0701,32.7562,abril
889,20:49,17.3885,33.4623,abril
890,20:50,17.2764,33.2578,abril
891,20:51,17.1478,33.0431,abril
892,20:52,17.4604,33.5395,abril
893,20:53,17.3712,33.5261,abril
894,20:54,17.1616,33.1045,abril
895,20:55,16.8014,32.6566,abril
896,20:56,16.9059,32.9533,abril
897,20:57,17.085,33.045,abril
898,20:58,16.8435,32.6708,abril
899,20:59,17.0706,33.1043,abril
900,21:00,17.5877,33.9773,abril
901,21:01,17.3729,33.3237,abril
902,21:02,17.2372,32.9161,abril
903,21:03,17.3175,33.1,abril
904,21:04,17.3558,33.243,abril
905,21:05,17.456,33.5658,abril
906,21:06,17.3127,33.3545,abril
907,21:07,17.2838,33.2375,abril
908,21:08,17.4253,33.486,abril
909,21:09,17.6104,33.6077,abril
910,21:10,17.148,32.9146,abril
911,21:11,16.675,32.3766,abril
912,21:12,17.0415,33.3945,abril
913,21:13,17.1918,33.4988,abril
914,21:14,17.1075,33.2914,abril
915,21:15,16.9711,33.0262,abril
916,21:16,16.8065,32.8654,abril
917,21:17,16.5191,32.3042,abril
918,21:18,16.1608,31.6927,abril
919,21:19,16.1013,31.7079,abril
920,21:20,15.8964,31.2495,abril
921,21:21,15.7275,31.0647,abril
922,21:22,15.8191,30.9766,abril
923,21:23,16.1504,31.502,abril
924,21:24,15.9104,30.9808,abril
925,21:25,15.8875,30.9498,abril
926,21:26,15.9476,31.081,abril
927,21:27,16.1384,31.5155,abril
928,21:28,16.1731,31.6785,abril
929,21:29,16.142,31.7109,abril
930,21:30,16.066,31.4308,abril
931,21:31,16.0807,31.3554,abril
932,21:32,15.6843,30.6311,abril
933,21:33,15.6969,30.7687,abril
934,21:34,15.8358,31.147,abril
935,21:35,15.8047,31.2029,abril
936,21:36,15.9269,31.5022,abril
937,21:37,15.9635,31.8512,abril
938,21:38,16.0067,32.0237,abril
939,21:39,16.1561,32.2754,abril
940,21:40,16.0045,32.0044,abril
941,21:41,16.297,32.4859,abril
942,21:42,16.2295,32.3886,abril
943,21:43,16.0942,32.3626,abril
944,21:44,16.1739,32.5648,abril
945,21:45,16.2458,32.7695,abril
946,21:46,16.1142,32.6654,abril
947,21:47,16.2068,32.8108,abril
948,21:48,16.2448,32.972,abril
949,21:49,16.361,33.2786,abril
950,21:50,15.8122,32.158,abril
951,21:51,15.4471,31.521,abril
952,21:52,15.4139,31.7209,abril
953,21:53,15.3573,31.5108,abril
954,21:54,15.2769,31.4831,abril
955,21:55,15.3018,31.5806,abril
956,21:56,15.5201,32.023,abril
957,21:57,15.509,32.0055,abril
958,21:58,15.7201,32.7898,abril
959,21:59,15.7639,32.8387,abril
960,22:00,15.8225,33.1547,abril
961,22:01,15.7026,32.8476,abril
962,22:02,15.5583,32.9982,abril
963,22:03,15.5092,33.0339,abril
964,22:04,15.3148,32.6063,abril
965,22:05,15.0408,32.029,abril
966,22:06,15.1764,32.3231,abril
967,22:07,15.1,32.1492,abril
968,22:08,15.1175,32.1017,abril
969,22:09,15.1005,32.248,abril
970,22:10,15.2023,32.7633,abril
971,22:11,15.1455,32.5919,abril
972,22:12,15.3955,33.3488,abril
973,22:13,15.1832,33.1203,abril
974,22:14,15.1324,33.3677,abril
975,22:15,15.5636,34.0133,abril
976,22:16,15.6134,34.3159,abril
977,22:17,15.2014,33.4289,abril
978,22:18,15.2666,33.9972,abril
979,22:19,15.1751,33.959,abril
980,22:20,14.8297,33.3183,abril
981,22:21,14.5524,32.9205,abril
982,22:22,14.5294,32.8495,abril
983,22:23,14.4668,32.7354,abril
984,22:24,14.4718,32.916,abril
985,22:25,14.4568,33.1508,abril
986,22:26,14.3237,32.6701,abril
987,22:27,14.3162,32.7569,abril
988,22:28,14.1189,32.5179,abril
989,22:29,14.1311,32.9156,abril
990,22:30,14.0641,32.8452,abril
991,22:31,14.1511,33.1878,abril
992,22:32,14.4961,33.9364,abril
993,22:33,14.463,33.9171,abril
994,22:34,14.3864,34.0151,abril
995,22:35,14.454,34.1756,abril
996,22:36,14.7572,34.7545,abril
997,22:37,14.4153,34.3742,abril
998,22:38,14.2536,34.0,abril
999,22:39,14.379,34.3351,abril
1000,22:40,14.297,34.3377,abril
1001,22:41,14.0294,33.9224,abril
1002,22:42,14.1048,34.0422,abril
1003,22:43,14.1583,34.4612,abril
1004,22:44,14.1555,34.5709,abril
1005,22:45,14.0025,34.4015,abril
1006,22:46,13.9828,34.3167,abril
1007,22:47,14.1407,34.9343,abril
1008,22:48,14.1041,35.0177,abril
1009,22:49,13.6986,34.3741,abril
1010,22:50,13.731,34.5112,abril
1011,22:51,13.4487,34.1099,abril
1012,22:52,13.4359,34.33,abril
1013,22:53,13.1818,34.0258,abril
1014,22:54,12.9536,33.6954,abril
1015,22:55,12.9643,33.7605,abril
1016,22:56,12.7774,33.4503,abril
1017,22:57,12.4507,33.184,abril
1018,22:58,12.4927,33.6027,abril
1019,22:59,12.6905,34.2917,abril
1020,23:00,12.9391,34.9972,abril
1021,23:01,12.972,35.3845,abril
1022,23:02,12.7637,35.0727,abril
1023,23:03,12.651,35.0895,abril
1024,23:04,12.6108,35.3837,abril
1025,23:05,12.4692,35.4644,abril
1026,23:06,12.4961,35.5722,abril
1027,23:07,12.3734,35.103,abril
1028,23:08,12.1116,34.6687,abril
1029,23:09,12.2153,35.5194,abril
1030,23:10,12.0011,34.7405,abril
1031,23:11,12.3317,35.9739,abril
1032,23:12,12.3116,36.0682,abril
1033,23:13,12.3269,36.3056,abril
1034,23:14,11.8846,35.1989,abril
1035,23:15,11.8545,35.2353,abril
1036,23:16,11.7759,35.0954,abril
1037,23:17,11.6018,35.0941,abril
1038,23:18,11.5447,34.9207,abril
1039,23:19,11.5044,34.8402,abril
1040,23:20,11.605,35.4671,abril
1041,23:21,11.404,34.9863,abril
1042,23:22,11.3464,35.2322,abril
1043,23:23,11.4725,35.7806,abril
1044,23:24,11.3077,35.5614,abril
1045,23:25,11.2382,35.363,abril
1046,23:26,11.0672,35.3204,abril
1047,23:27,11.0587,35.4601,abril
1048,23:28,10.9509,35.3699,abril
1049,23:29,10.8727,35.6069,abril
1050,23:30,11.0269,36.1683,abril
1051,23:31,11.0269,36.5635,abril
1052,23:32,10.7984,36.2749,abril
1053,23:33,10.732,36.2017,abril
1054,23:34,10.7871,36.2144,abril
1055,23:35,10.563,35.3137,abril
1056,23:36,10.387,35.0379,abril
1057,23:37,10.4085,35.429,abril
1058,23:38,10.4003,35.676,abril
1059,23:39,10.4698,35.9131,abril
1060,23:40,10.3163,36.001,abril
1061,23:41,10.1128,35.7389,abril
1062,23:42,10.2142,36.1792,abril
1063,23:43,10.2498,36.672,abril
1064,23:44,10.2342,36.802,abril
1065,23:45,9.8566,35.6239,abril
1066,23:46,9.9237,36.0322,abril
1067,23:47,9.7127,35.8191,abril
1068,23:48,9.7755,36.2244,abril
1069,23:49,9.6343,35.6892,abril
1070,23:50,9.6348,35.8136,abril
1071,23:51,9.5233,35.4996,abril
1072,23:52,9.7265,36.271,abril
1073,23:53,9.7029,36.9943,abril
1074,23:54,9.6251,37.1539,abril
1075,23:55,9.692,37.6986,abril
1076,23:56,9.748,37.8225,abril
1077,23:57,9.592,37.6627,abril
1078,23:58,9.6012,38.0564,abril
1079,23:59,9.553,38.4416,abril
1080,24:00,9.5461,38.8822,abril
1081,24:01,9.2381,38.5879,abril
1082,24:02,9.2949,38.5319,abril
1083,24:03,9.2559,38.5048,abril
1084,24:04,8.9477,37.7398,abril
1085,24:05,8.7239,37.4228,abril
1086,24:06,8.8559,37.9502,abril
1087,24:07,8.8559,38.0607,abril
1088,24:08,8.7718,38.0285,abril
1089,24:09,8.7812,38.2844,abril
1090,24:10,8.7905,39.268,abril
1091,24:11,8.6448,39.1887,abril
1092,24:12,8.5072,38.8948,abril
1093,24:13,8.5573,39.4313,abril
1094,24:14,8.4222,39.2023,abril
1095,24:15,8.2094,38.832,abril
1096,24:16,7.9534,37.9475,abril
1097,24:17,7.829,38.1106,abril
1098,24:18,7.9673,39.4355,abril
1099,24:19,7.8239,39.0203,abril
1100,24:20,7.8424,39.233,abril
1101,24:21,7.7165,39.2877,abril
1102,24:22,7.7005,39.3081,abril
1103,24:23,7.7779,40.0514,abril
1104,24:24,7.8511,40.4853,abril
1105,24:25,7.9246,41.1888,abril
1106,24:26,7.8444,42.0451,abril
1107,24:27,7.7059,41.9633,abril
1108,24:28,7.5099,41.0796,abril
1109,24:29,7.4954,41.4795,abril
1110,24:30,7.4913,41.8168,abril
1111,24:31,7.5607,42.3619,abril
1112,24:32,7.4837,42.5238,abril
1113,24:33,7.4198,42.5147,abril
1114,24:34,7.2251,41.4266,abril
1115,24:35,7.1316,41.071,abril
1116,24:36,7.1236,41.426,abril
1117,24:37,7.0347,41.6161,abril
1118,24:38,6.8079,40.9268,abril
1119,24:39,6.5219,39.6159,abril
1120,24:40,6.3224,38.9732,abril
1121,24:41,5.8763,36.7294,abril
1122,24:42,5.401,33.8566,abril
1123,24:43,5.3911,33.8155,abril
1124,24:44,5.3156,33.9351,abril
1125,24:45,5.327,33.8919,abril
1126,24:46,5.2669,33.6557,abril
1127,24:47,5.1529,33.0296,abril
1128,24:48,5.0057,32.3902,abril
1129,24:49,5.1609,33.2886,abril
1130,24:50,5.1605,33.6062,abril
1131,24:51,5.2232,34.4692,abril
1132,24:52,5.1365,34.8863,abril
1133,24:53,4.9936,34.0589,abril
1134,24:54,4.8545,33.1402,abril
1135,24:55,4.9948,33.7723,abril
1136,24:56,4.925,33.9417,abril
1137,24:57,4.791,33.0172,abril
1138,24:58,4.5909,32.1064,abril
1139,24:59,4.6006,32.489,abril
1140,25:00,4.407,31.0554,abril
1141,25:01,4.319,31.1746,abril
1142,25:02,4.4186,32.7192,abril
1143,25:03,4.5771,33.3305,abril
1144,25:04,4.4466,32.6818,abril
1145,25:05,4.2905,31.6733,abril
1146,25:06,4.1596,31.0984,abril
1147,25:07,4.1056,31.1551,abril
1148,25:08,4.1056,31.1701,abril
1149,25:09,4.0445,30.8564,abril
1150,25:10,4.0293,31.0967,abril
1151,25:11,4.0293,31.0972,abril
1152,25:12,4.1095,32.2579,abril
1153,25:13,3.9783,31.7061,abril
1154,25:14,3.7861,30.3619,abril
1155,25:15,3.8447,31.653,abril
1156,25:16,3.8576,31.9169,abril
1157,25:17,3.7281,30.8715,abril
1158,25:18,3.6607,31.1019,abril
1159,25:19,3.6668,31.8114,abril
1160,25:20,3.7316,32.2441,abril
1161,25:21,3.7316,32.9524,abril
1162,25:22,3.5318,31.1914,abril
1163,25:23,3.4573,30.7538,abril
1164,25:24,3.5686,31.9683,abril
1165,25:25,3.6984,33.2739,abril
1166,25:26,3.6383,33.2719,abril
1167,25:27,3.5761,33.6531,abril
1168,25:28,3.5847,33.9331,abril
1169,25:29,3.5917,33.9977,abril
1170,25:30,3.5042,33.4339,abril
1171,25:31,3.5042,33.8149,abril
1172,25:32,3.5705,34.7476,abril
1173,25:33,3.4922,34.6173,abril
1174,25:34,3.3365,33.6875,abril
1175,25:35,3.3142,33.7446,abril
1176,25:36,3.316,33.5056,abril
1177,25:37,3.448,34.59,abril
1178,25:38,3.4422,35.5115,abril
1179,25:39,3.4361,35.7364,abril
1180,25:40,3.2462,33.8189,abril
1181,25:41,3.2401,34.0285,abril
1182,25:42,3.1625,33.679,abril
1183,25:43,3.1671,34.6353,abril
1184,25:44,3.2315,34.8273,abril
1185,25:45,3.2315,34.828,abril
1186,25:46,3.1147,33.7932,abril
1187,25:47,3.0345,32.7028,abril
1188,25:48,3.106,33.4736,abril
1189,25:49,3.1671,34.8053,abril
1190,25:50,3.2364,36.3737,abril
1191,25:51,3.2364,36.6275,abril
1192,25:52,3.0981,34.8191,abril
1193,25:53,3.1758,35.3853,abril
1194,25:54,3.1758,35.3847,abril
1195,25:55,3.1036,35.3922,abril
1196,25:56,2.9437,34.8097,abril
1197,25:57,2.8722,33.8731,abril
1198,25:58,2.8116,33.4105,abril
1199,25:59,2.8722,33.3298,abril
1200,26:00,2.8041,32.3515,abril
1201,26:01,2.722,31.4754,abril
1202,26:02,2.79,33.0365,abril
1203,26:03,2.7791,32.6987,abril
1204,26:04,2.7791,32.1883,abril
1205,26:05,2.8397,33.6458,abril
1206,26:06,2.8397,33.673,abril
1207,26:07,2.7717,32.8664,abril
1208,26:08,2.6926,32.2311,abril
1209,26:09,2.6302,31.4843,abril
1210,26:10,2.6302,32.0627,abril
1211,26:11,2.7198,33.4511,abril
1212,26:12,2.7198,34.8109,abril
1213,26:13,2.8522,35.9263,abril
1214,26:14,2.7921,35.3338,abril
1215,26:15,2.8522,35.4719,abril
1216,26:16,2.8522,35.7461,abril
1217,26:17,2.7878,35.5273,abril
1218,26:18,2.8569,35.8111,abril
1219,26:19,2.7977,36.2702,abril
1220,26:20,2.7375,35.475,abril
1221,26:21,2.6681,34.8541,abril
1222,26:22,2.8635,37.7976,abril
1223,26:23,2.9957,39.17,abril
1224,26:24,2.9957,39.8238,abril
1225,26:25,2.8347,38.1423,abril
1226,26:26,2.8347,38.4482,abril
1227,26:27,2.8347,38.1295,abril
1228,26:28,2.7065,36.4052,abril
1229,26:29,2.8315,38.043,abril
1230,26:30,2.8315,36.4689,abril
1231,26:31,2.7762,36.9715,abril
1232,26:32,2.7156,37.8449,abril
1233,26:33,2.7876,38.8842,abril
1234,26:34,2.8482,40.0747,abril
1235,26:35,2.9162,40.5911,abril
1236,26:36,2.8519,40.1722,abril
1237,26:37,2.9877,41.7102,abril
1238,26:38,3.0487,42.5623,abril
1239,26:39,2.7155,39.4391,abril
1240,26:40,2.7166,39.8049,abril
1241,26:41,2.7166,39.8049,abril
1242,26:42,2.6408,38.6992,abril
1243,26:43,2.6454,39.1205,abril
1244,26:44,2.5102,36.7242,abril
1245,26:45,2.5119,36.7762,abril
1246,26:46,2.3742,35.1318,abril
1247,26:47,2.3041,34.4512,abril
1248,26:48,2.3651,35.6938,abril
1249,26:49,2.3651,36.0155,abril
1250,26:50,2.2376,34.4177,abril
1251,26:51,2.3236,36.4922,abril
1252,26:52,2.3225,36.4754,abril
1253,26:53,2.3225,36.1246,abril
1254,26:54,2.1894,34.3838,abril
1255,26:55,2.1283,33.1038,abril
1256,26:56,2.1944,34.1315,abril
1257,26:57,2.1283,33.4252,abril
1258,26:58,2.1244,34.0721,abril
1259,26:59,2.1244,34.4278,abril
1260,27:00,2.1854,35.7508,abril
1261,27:01,2.1854,35.7508,abril
1262,27:02,2.2548,36.4921,abril
1263,27:03,2.1533,35.169,abril
1264,27:04,2.0869,34.5226,abril
1265,27:05,2.0869,34.5226,abril
1266,27:06,2.0869,34.5226,abril
1267,27:07,2.1765,36.8131,abril
1268,27:08,2.2586,37.2377,abril
1269,27:09,2.095,35.0031,abril
1270,27:10,2.095,35.3685,abril
1271,27:11,2.095,35.3685,abril
1272,27:12,2.1752,36.6128,abril
1273,27:13,2.1155,35.9696,abril
1274,27:14,2.1945,37.2539,abril
1275,27:15,2.1945,36.334,abril
1276,27:16,2.1168,34.7796,abril
1277,27:17,2.1168,35.0946,abril
1278,27:18,2.1832,37.027,abril
1279,27:19,2.299,38.5831,abril
1280,27:20,2.299,38.1869,abril
1281,27:21,2.299,38.5831,abril
1282,27:22,2.299,39.1968,abril
1283,27:23,2.2326,38.4702,abril
1284,27:24,2.0996,35.7968,abril
1285,27:25,2.0996,36.1782,abril
1286,27:26,2.0996,35.7968,abril
1287,27:27,2.0996,36.6262,abril
1288,27:28,2.1716,37.0182,abril
1289,27:29,2.2318,38.449,abril
1290,27:30,2.222,38.2801,abril
1291,27:31,2.2843,39.4204,abril
1292,27:32,2.2843,38.9418,abril
1293,27:33,2.2843,39.8472,abril
1294,27:34,2.1007,36.6444,abril
1295,27:35,2.1151,37.2766,abril
1296,27:36,2.2438,39.1189,abril
1297,27:37,2.3725,41.3634,abril
1298,27:38,2.3031,40.1534,abril
1299,27:39,2.2391,39.4614,abril
1300,27:40,2.2391,39.0361,abril
1301,27:41,2.2391,39.491,abril
1302,27:42,2.3723,41.8412,abril
1303,27:43,2.3723,42.9073,abril
1304,27:44,2.3723,43.8617,abril
1305,27:45,2.2379,42.0569,abril
1306,27:46,2.2379,42.0569,abril
1307,27:47,2.2379,42.0569,abril
1308,27:48,2.2379,42.0569,abril
1309,27:49,2.1768,40.9099,abril
1310,27:50,2.2559,42.8816,abril
1311,27:51,2.1707,41.3535,abril
1312,27:52,2.2438,41.4962,abril
1313,27:53,2.2385,41.8821,abril
1314,27:54,2.2385,41.8821,abril
1315,27:55,2.0929,39.2832,abril
1316,27:56,2.1731,41.2022,abril
1317,27:57,2.258,42.8117,abril
1318,27:58,2.197,42.1486,abril
1319,27:59,2.197,41.6545,abril
1320,28:00,2.1218,40.7856,abril
1321,28:01,1.9833,38.5433,abril
1322,28:02,2.0457,38.7654,abril
1323,28:03,2.2053,41.185,abril
1324,28:04,2.2655,42.3099,abril
1325,28:05,2.355,44.0221,abril
1326,28:06,2.209,41.9363,abril
1327,28:07,2.3454,44.4046,abril
1328,28:08,2.3911,44.3662,abril
1329,28:09,2.455,46.661,abril
1330,28:10,2.5985,47.3954,abril
1331,28:11,2.6595,47.9739,abril
1332,28:12,2.5931,46.7403,abril
1333,28:13,2.5931,46.7403,abril
1334,28:14,2.533,44.625,abril
1335,28:15,2.6072,46.4381,abril
1336,28:16,2.5615,45.6247,abril
1337,28:17,2.6327,46.8932,abril
1338,28:18,2.6937,47.9803,abril
1339,28:19,2.7547,49.7518,abril
1340,28:20,2.8374,49.2378,abril
1341,28:21,2.7711,48.0866,abril
1342,28:22,2.6991,47.3457,abril
1343,28:23,2.6991,47.8671,abril
1344,28:24,2.6991,47.3457,abril
1345,28:25,2.7448,47.6301,abril
1346,28:26,2.8136,48.804,abril
1347,28:27,2.8219,50.2193,abril
1348,28:28,2.8219,50.8859,abril
1349,28:29,2.8934,51.3349,abril
1350,28:30,2.8934,51.3749,abril
1351,28:31,2.8934,51.4754,abril
1352,28:32,2.7867,50.1286,abril
1353,28:33,2.8323,50.95,abril
1354,28:34,2.8925,52.6536,abril
1355,28:35,2.8925,52.7389,abril
1356,28:36,2.9588,53.9039,abril
1357,28:37,2.9042,52.2322,abril
1358,28:38,2.9652,52.6725,abril
1359,28:39,3.2306,56.0498,abril
1360,28:40,3.2306,55.4549,abril
1361,28:41,3.3913,56.6507,abril
1362,28:42,3.2415,54.1914,abril
1363,28:43,3.2415,54.0914,abril
1364,28:44,3.2521,53.6206,abril
1365,28:45,3.2648,54.3399,abril
1366,28:46,3.4029,56.6388,abril
1367,28:47,3.5293,58.1638,abril
1368,28:48,3.6002,58.7337,abril
1369,28:49,3.5231,58.1082,abril
1370,28:50,3.4711,56.5402,abril
1371,28:51,3.4675,56.5142,abril
1372,28:52,3.4675,56.5142,abril
1373,28:53,3.3888,55.3838,abril
1374,28:54,3.3039,54.5476,abril
1375,28:55,3.2884,53.1636,abril
1376,28:56,3.522,55.4082,abril
1377,28:57,3.522,55.4082,abril
1378,28:58,3.522,56.0849,abril
1379,28:59,3.3992,53.9159,abril
1380,29:00,3.5612,57.1872,abril
1381,29:01,3.6332,59.0596,abril
1382,29:02,3.4773,55.8929,abril
1383,29:03,3.4806,55.9461,abril
1384,29:04,3.5597,55.155,abril
1385,29:05,3.4816,54.4985,abril
1386,29:06,3.4816,54.5952,abril
1387,29:07,3.5455,55.0631,abril
1388,29:08,3.6014,55.983,abril
1389,29:09,3.4375,54.2522,abril
1390,29:10,3.8454,57.3694,abril
1391,29:11,4.092,59.6102,abril
1392,29:12,4.0894,57.9456,abril
1393,29:13,4.15,57.6332,abril
1394,29:14,4.229,58.5929,abril
1395,29:15,4.1173,56.9582,abril
1396,29:16,4.1783,57.8025,abril
1397,29:17,4.5444,61.5931,abril
1398,29:18,4.6735,61.4438,abril
1399,29:19,4.7211,62.6789,abril
1400,29:20,4.7211,62.8089,abril
1401,29:21,4.8146,63.4979,abril
1402,29:22,4.717,61.5598,abril
1403,29:23,4.6316,59.9818,abril
1404,29:24,4.6848,59.8191,abril
1405,29:25,4.7519,59.788,abril
1406,29:26,4.7482,58.769,abril
1407,29:27,4.9666,60.4764,abril
1408,29:28,5.1127,61.1908,abril
1409,29:29,5.3371,63.3514,abril
1410,29:30,5.5203,65.1714,abril
1411,29:31,5.6197,66.125,abril
1412,29:32,5.6197,66.6096,abril
1413,29:33,5.8022,67.3469,abril
1414,29:34,5.9041,67.7285,abril
1415,29:35,6.267,70.1043,abril
1416,29:36,6.3294,70.3158,abril
1417,29:37,6.3648,70.1274,abril
1418,29:38,6.4376,70.3019,abril
1419,29:39,6.5808,70.1919,abril
1420,29:40,6.5037,69.3308,abril
1421,29:41,6.5873,69.8622,abril
1422,29:42,6.5263,69.2149,abril
1423,29:43,6.5696,68.8688,abril
1424,29:44,6.9323,69.9956,abril
1425,29:45,7.0989,72.2863,abril
1426,29:46,7.1254,72.712,abril
1427,29:47,7.2774,72.0421,abril
1428,29:48,7.6317,73.3421,abril
1429,29:49,7.8929,73.4013,abril
1430,29:50,7.8335,70.9557,abril
1431,29:51,7.9635,71.1886,abril
1432,29:52,8.2639,72.5232,abril
1433,29:53,8.6921,73.8034,abril
1434,29:54,8.7459,73.8179,abril
1435,29:55,8.9273,73.4304,abril
1436,29:56,9.0003,72.5135,abril
1437,29:57,8.9119,70.9487,abril
1438,29:58,8.9389,70.818,abril
1439,29:59,8.8306,69.0592,abril
1440,06:00,3.7249,46.3181,maio
1441,06:01,3.7264,46.3367,maio
1442,06:02,3.8912,47.3404,maio
1443,06:03,4.0223,48.6618,maio
1444,06:04,4.0456,46.7029,maio
1445,06:05,4.3044,48.2487,maio
1446,06:06,4.2804,47.3769,maio
1447,06:07,4.2804,47.3769,maio
1448,06:08,4.1983,45.9692,maio
1449,06:09,4.1166,45.4454,maio
1450,06:10,4.098,45.7705,maio
1451,06:11,4.2575,46.2724,maio
1452,06:12,4.3472,46.7908,maio
1453,06:13,4.3472,45.9648,maio
1454,06:14,4.3472,45.1254,maio
1455,06:15,4.4425,45.6631,maio
1456,06:16,4.4425,45.5367,maio
1457,06:17,4.427,45.0094,maio
1458,06:18,4.5259,44.7282,maio
1459,06:19,4.5259,45.6113,maio
1460,06:20,4.6074,45.5641,maio
1461,06:21,4.7734,46.9037,maio
1462,06:22,4.9316,47.7205,maio
1463,06:23,5.0622,47.609,maio
1464,06:24,5.1478,46.9281,maio
1465,06:25,5.2404,47.7081,maio
1466,06:26,5.2563,47.0971,maio
1467,06:27,5.2541,45.8888,maio
1468,06:28,5.6507,47.7516,maio
1469,06:29,5.7758,48.0446,maio
1470,06:30,5.9512,48.9561,maio
1471,06:31,6.0458,48.5883,maio
1472,06:32,6.1075,48.842,maio
1473,06:33,6.3222,50.0455,maio
1474,06:34,6.2918,48.7577,maio
1475,06:35,6.4834,49.5727,maio
1476,06:36,6.5596,49.5959,maio
1477,06:37,6.5347,49.1789,maio
1478,06:38,6.5347,48.6465,maio
1479,06:39,6.5118,48.7625,maio
1480,06:40,6.3827,47.3256,maio
1481,06:41,6.3202,47.3647,maio
1482,06:42,6.6743,49.4807,maio
1483,06:43,7.3501,53.1847,maio
1484,06:44,7.1672,51.9629,maio
1485,06:45,7.2298,51.9027,maio
1486,06:46,7.1307,51.5652,maio
1487,06:47,7.2941,52.8256,maio
1488,06:48,7.5965,54.4978,maio
1489,06:49,7.6815,54.4757,maio
1490,06:50,7.8192,54.1953,maio
1491,06:51,8.1553,55.4837,maio
1492,06:52,8.2848,55.1144,maio
1493,06:53,8.5798,55.6473,maio
1494,06:54,8.5798,55.2891,maio
1495,06:55,8.427,53.9719,maio
1496,06:56,8.3864,53.3738,maio
1497,06:57,8.3117,53.8116,maio
1498,06:58,8.491,53.7263,maio
1499,06:59,8.5914,54.0184,maio
1500,07:00,8.5914,54.0184,maio
1501,07:01,8.4996,52.7316,maio
1502,07:02,8.7454,53.5992,maio
1503,07:03,8.683,53.3743,maio
1504,07:04,9.0171,53.9723,maio
1505,07:05,8.9923,53.398,maio
1506,07:06,9.1021,54.516,maio
1507,07:07,9.1811,54.6391,maio
1508,07:08,9.4131,55.221,maio
1509,07:09,9.5878,55.6851,maio
1510,07:10,9.4692,54.8225,maio
1511,07:11,9.7472,56.5733,maio
1512,07:12,9.8456,56.5699,maio
1513,07:13,10.0305,57.3472,maio
1514,07:14,9.85,56.1389,maio
1515,07:15,9.7651,55.322,maio
1516,07:16,9.6656,54.758,maio
1517,07:17,9.6437,54.0758,maio
1518,07:18,9.7207,54.6261,maio
1519,07:19,9.6197,54.9203,maio
1520,07:20,9.5569,55.2134,maio
1521,07:21,9.3949,54.5485,maio
1522,07:22,9.2212,53.6096,maio
1523,07:23,9.4971,54.6153,maio
1524,07:24,9.2199,53.9014,maio
1525,07:25,9.164,53.0236,maio
1526,07:26,9.3399,54.0763,maio
1527,07:27,9.7055,55.6524,maio
1528,07:28,9.5618,55.2832,maio
1529,07:29,9.4828,54.9135,maio
1530,07:30,9.5953,53.9511,maio
1531,07:31,9.534,53.0426,maio
1532,07:32,9.7966,54.2835,maio
1533,07:33,9.7599,54.1903,maio
1534,07:34,9.9941,54.5173,maio
1535,07:35,10.0246,53.7091,maio
1536,07:36,10.0578,53.0573,maio
1537,07:37,10.3173,54.4596,maio
1538,07:38,10.3974,53.5786,maio
1539,07:39,10.1827,53.3035,maio
1540,07:40,10.0958,52.1136,maio
1541,07:41,10.0107,52.0762,maio
1542,07:42,9.8322,52.1783,maio
1543,07:43,9.7677,51.5155,maio
1544,07:44,9.6595,50.7187,maio
1545,07:45,9.7688,50.5358,maio
1546,07:46,9.7381,50.2964,maio
1547,07:47,10.1423,51.3674,maio
1548,07:48,10.2467,51.4768,maio
1549,07:49,10.2294,50.8455,maio
1550,07:50,10.4687,51.512,maio
1551,07:51,10.298,50.5074,maio
1552,07:52,10.2848,50.239,maio
1553,07:53,10.6108,51.3791,maio
1554,07:54,11.0763,52.5165,maio
1555,07:55,10.9417,51.4846,maio
1556,07:56,10.6539,50.3974,maio
1557,07:57,10.6822,50.1999,maio
1558,07:58,10.994,51.0237,maio
1559,07:59,11.2689,51.6139,maio
1560,08:00,11.4385,52.2117,maio
1561,08:01,11.7228,52.758,maio
1562,08:02,11.8081,52.517,maio
1563,08:03,11.8722,53.4609,maio
1564,08:04,12.0713,54.9604,maio
1565,08:05,11.9584,54.4515,maio
1566,08:06,12.116,54.9125,maio
1567,08:07,12.2905,55.0485,maio
1568,08:08,12.4855,55.3368,maio
1569,08:09,12.7972,56.7821,maio
1570,08:10,12.7519,56.4579,maio
1571,08:11,12.8508,57.121,maio
1572,08:12,12.8077,56.1798,maio
1573,08:13,12.7586,56.6778,maio
1574,08:14,12.9269,58.1247,maio
1575,08:15,12.8427,57.7038,maio
1576,08:16,12.8637,57.1973,maio
1577,08:17,13.2802,58.5175,maio
1578,08:18,13.2603,58.3868,maio
1579,08:19,13.3416,56.7919,maio
1580,08:20,13.5413,56.9637,maio
1581,08:21,13.3446,56.5589,maio
1582,08:22,13.4447,56.1741,maio
1583,08:23,13.3584,55.777,maio
1584,08:24,13.5969,56.6625,maio
1585,08:25,13.5616,56.2833,maio
1586,08:26,13.4818,55.2655,maio
1587,08:27,13.5786,54.8477,maio
1588,08:28,13.496,54.0516,maio
1589,08:29,13.5906,54.2773,maio
1590,08:30,13.6793,54.1187,maio
1591,08:31,13.6757,53.5905,maio
1592,08:32,13.5743,53.559,maio
1593,08:33,13.6727,53.5664,maio
1594,08:34,13.6534,53.6034,maio
1595,08:35,13.5477,53.5403,maio
1596,08:36,13.7262,53.7405,maio
1597,08:37,14.1058,54.1877,maio
1598,08:38,13.8256,52.891,maio
1599,08:39,13.8935,52.597,maio
1600,08:40,14.3186,54.1638,maio
1601,08:41,14.1219,53.9332,maio
1602,08:42,14.2046,54.0151,maio
1603,08:43,14.2519,53.3124,maio
1604,08:44,14.2772,53.3477,maio
1605,08:45,14.3408,53.6424,maio
1606,08:46,14.0936,52.3306,maio
1607,08:47,14.2007,52.5228,maio
1608,08:48,13.907,50.6552,maio
1609,08:49,13.9378,50.112,maio
1610,08:50,13.5744,49.6474,maio
1611,08:51,13.5835,49.0002,maio
1612,08:52,13.7954,49.7568,maio
1613,08:53,13.5245,49.3183,maio
1614,08:54,13.7571,49.1655,maio
1615,08:55,13.8893,48.8028,maio
1616,08:56,13.6533,47.9141,maio
1617,08:57,13.8908,48.7338,maio
1618,08:58,13.87,47.9704,maio
1619,08:59,13.7578,47.7478,maio
1620,09:00,14.243,48.7612,maio
1621,09:01,14.1623,48.3341,maio
1622,09:02,14.4111,48.7349,maio
1623,09:03,14.3842,48.6246,maio
1624,09:04,14.2876,48.1495,maio
1625,09:05,14.1238,47.4751,maio
1626,09:06,14.0518,46.7862,maio
1627,09:07,13.979,46.4826,maio
1628,09:08,13.6375,45.089,maio
1629,09:09,13.4652,44.6018,maio
1630,09:10,13.28,43.3721,maio
1631,09:11,13.1854,43.1113,maio
1632,09:12,12.7672,41.8012,maio
1633,09:13,12.8763,41.532,maio
1634,09:14,12.7794,41.4828,maio
1635,09:15,12.625,40.5098,maio
1636,09:16,12.6212,40.3572,maio
1637,09:17,12.8198,40.7542,maio
1638,09:18,12.5984,39.9526,maio
1639,09:19,12.9423,40.2363,maio
1640,09:20,12.915,40.0522,maio
1641,09:21,13.2374,40.636,maio
1642,09:22,12.7578,39.0768,maio
1643,09:23,12.8576,39.2847,maio
1644,09:24,13.0105,39.8041,maio
1645,09:25,13.1296,40.0216,maio
1646,09:26,13.1469,40.2817,maio
1647,09:27,12.9258,39.4928,maio
1648,09:28,12.3959,37.9646,maio
1649,09:29,12.3408,37.2897,maio
1650,09:30,12.3907,37.4551,maio
1651,09:31,11.8546,35.7279,maio
1652,09:32,11.9006,35.8031,maio
1653,09:33,11.6442,35.3291,maio
1654,09:34,11.5249,34.8171,maio
1655,09:35,11.5342,34.6923,maio
1656,09:36,11.3942,34.0338,maio
1657,09:37,11.5793,34.866,maio
1658,09:38,11.4863,34.2008,maio
1659,09:39,11.3255,33.769,maio
1660,09:40,11.2494,33.3993,maio
1661,09:41,11.1016,33.0204,maio
1662,09:42,11.1132,32.887,maio
1663,09:43,11.2133,33.4817,maio
1664,09:44,10.9305,32.6298,maio
1665,09:45,11.0006,33.0339,maio
1666,09:46,10.9141,32.7866,maio
1667,09:47,10.7803,32.4299,maio
1668,09:48,10.8648,32.6201,maio
1669,09:49,10.7024,31.9438,maio
1670,09:50,10.5927,31.6057,maio
1671,09:51,10.5602,31.1845,maio
1672,09:52,10.5046,30.9583,maio
1673,09:53,10.4132,30.8341,maio
1674,09:54,10.3406,30.416,maio
1675,09:55,10.536,30.9236,maio
1676,09:56,10.7702,31.7239,maio
1677,09:57,10.8942,31.8498,maio
1678,09:58,10.855,31.9879,maio
1679,09:59,11.0371,32.2148,maio
1680,10:00,10.9814,31.9884,maio
1681,10:01,10.6055,31.0152,maio
1682,10:02,10.6199,30.5713,maio
1683,10:03,10.7179,30.5397,maio
1684,10:04,10.7982,30.63,maio
1685,10:05,10.8038,30.6387,maio
1686,10:06,10.8667,30.6188,maio
1687,10:07,11.1437,31.4637,maio
1688,10:08,11.0182,31.3268,maio
1689,10:09,11.1794,31.249,maio
1690,10:10,11.2676,31.4524,maio
1691,10:11,11.1149,31.1529,maio
1692,10:12,11.0092,31.2312,maio
1693,10:13,11.2355,31.8112,maio
1694,10:14,11.234,31.9822,maio
1695,10:15,11.3881,32.3659,maio
1696,10:16,11.0343,31.4715,maio
1697,10:17,10.87,30.7804,maio
1698,10:18,10.8863,30.7466,maio
1699,10:19,11.0584,31.1707,maio
1700,10:20,10.8839,30.7649,maio
1701,10:21,10.893,30.5585,maio
1702,10:22,11.023,31.0019,maio
1703,10:23,10.9254,31.2276,maio
1704,10:24,10.7204,30.2419,maio
1705,10:25,10.6526,30.0967,maio
1706,10:26,10.2267,28.8632,maio
1707,10:27,10.4305,29.5529,maio
1708,10:28,10.5652,29.7526,maio
1709,10:29,10.523,29.5673,maio
1710,10:30,10.3695,29.0077,maio
1711,10:31,10.3983,29.1927,maio
1712,10:32,10.483,29.2711,maio
1713,10:33,10.4317,29.1843,maio
1714,10:34,10.647,29.4261,maio
1715,10:35,10.7355,29.6573,maio
1716,10:36,10.944,29.9273,maio
1717,10:37,10.8679,29.5347,maio
1718,10:38,10.676,28.8795,maio
1719,10:39,10.5527,28.5464,maio
1720,10:40,10.9669,29.4176,maio
1721,10:41,10.7435,28.718,maio
1722,10:42,10.556,28.2009,maio
1723,10:43,10.6318,28.4328,maio
1724,10:44,10.2129,27.677,maio
1725,10:45,10.3037,27.9093,maio
1726,10:46,10.3037,27.8363,maio
1727,10:47,10.1999,27.5126,maio
1728,10:48,10.3484,27.8433,maio
1729,10:49,10.1784,27.5869,maio
1730,10:50,10.1784,27.4218,maio
1731,10:51,10.2593,27.39,maio
1732,10:52,10.0434,26.7297,maio
1733,10:53,9.855,26.3469,maio
1734,10:54,10.0076,26.6813,maio
1735,10:55,10.1369,27.0137,maio
1736,10:56,9.8882,26.3497,maio
1737,10:57,9.894,26.3881,maio
1738,10:58,9.7749,25.9728,maio
1739,10:59,9.789,26.0584,maio
1740,11:00,9.8734,26.226,maio
1741,11:01,10.1257,26.9126,maio
1742,11:02,10.2566,27.0444,maio
1743,11:03,10.3857,27.3496,maio
1744,11:04,10.2841,27.0344,maio
1745,11:05,10.2645,27.0503,maio
1746,11:06,10.329,27.1395,maio
1747,11:07,10.1953,27.0045,maio
1748,11:08,10.1668,26.955,maio
1749,11:09,10.0912,26.7776,maio
1750,11:10,10.0271,26.434,maio
1751,11:11,10.0246,26.3765,maio
1752,11:12,9.8576,25.9773,maio
1753,11:13,9.7761,25.8513,maio
1754,11:14,9.7463,25.8,maio
1755,11:15,9.8289,26.0727,maio
1756,11:16,9.7751,25.9186,maio
1757,11:17,9.7803,25.839,maio
1758,11:18,9.7376,25.7397,maio
1759,11:19,9.4744,25.032,maio
1760,11:20,9.478,24.995,maio
1761,11:21,9.6302,25.473,maio
1762,11:22,9.3839,24.9927,maio
1763,11:23,9.2728,24.4933,maio
1764,11:24,9.1792,24.1286,maio
1765,11:25,9.2944,24.1543,maio
1766,11:26,9.1763,24.0314,maio
1767,11:27,9.0294,23.5019,maio
1768,11:28,8.9252,23.2425,maio
1769,11:29,9.0127,23.4829,maio
1770,11:30,9.2778,24.1438,maio
1771,11:31,9.4906,24.464,maio
1772,11:32,9.5836,24.7091,maio
1773,11:33,9.2847,24.1461,maio
1774,11:34,9.4288,24.5377,maio
1775,11:35,9.4354,24.6815,maio
1776,11:36,9.0702,23.9927,maio
1777,11:37,9.0361,23.5901,maio
1778,11:38,8.9234,23.3723,maio
1779,11:39,8.6181,22.793,maio
1780,11:40,8.5933,22.602,maio
1781,11:41,8.7057,22.9288,maio
1782,11:42,8.9428,23.3208,maio
1783,11:43,8.6331,22.9028,maio
1784,11:44,8.8043,23.2993,maio
1785,11:45,8.6526,22.8521,maio
1786,11:46,8.6128,22.8272,maio
1787,11:47,8.5265,22.6113,maio
1788,11:48,8.3553,22.0955,maio
1789,11:49,8.6184,22.5699,maio
1790,11:50,8.5365,22.1694,maio
1791,11:51,8.6826,22.7076,maio
1792,11:52,8.7261,22.7045,maio
1793,11:53,8.6913,22.6116,maio
1794,11:54,8.842,22.9332,maio
1795,11:55,8.7641,22.5745,maio
1796,11:56,8.8671,22.7174,maio
1797,11:57,8.837,22.8025,maio
1798,11:58,8.6954,22.495,maio
1799,11:59,8.4773,22.1374,maio
1800,12:00,8.809,22.9846,maio
1801,12:01,8.5422,22.4331,maio
1802,12:02,8.3765,22.1598,maio
1803,12:03,8.541,22.6569,maio
1804,12:04,8.5699,22.6599,maio
1805,12:05,8.7731,23.0806,maio
1806,12:06,8.6656,22.6706,maio
1807,12:07,8.5501,22.4342,maio
1808,12:08,8.6229,22.4826,maio
1809,12:09,8.874,22.8662,maio
1810,12:10,8.8263,22.7515,maio
1811,12:11,8.5982,22.0913,maio
1812,12:12,8.8502,22.74,maio
1813,12:13,9.0762,23.1928,maio
1814,12:14,9.0516,23.0074,maio
1815,12:15,8.885,22.5153,maio
1816,12:16,8.8526,22.4393,maio
1817,12:17,8.8166,22.3713,maio
1818,12:18,8.8929,22.5518,maio
1819,12:19,9.0065,22.8975,maio
1820,12:20,9.031,22.7795,maio
1821,12:21,9.2827,23.184,maio
1822,12:22,9.2227,22.8869,maio
1823,12:23,9.2435,22.8965,maio
1824,12:24,9.3189,23.076,maio
1825,12:25,9.2642,22.9116,maio
1826,12:26,9.5508,23.5706,maio
1827,12:27,9.208,22.6683,maio
1828,12:28,8.9302,22.0273,maio
1829,12:29,9.0706,22.2045,maio
1830,12:30,9.2417,22.3762,maio
1831,12:31,8.9851,21.6388,maio
1832,12:32,8.909,21.5184,maio
1833,12:33,8.747,21.0449,maio
1834,12:34,9.3676,22.3548,maio
1835,12:35,9.6186,22.8652,maio
1836,12:36,9.3937,22.384,maio
1837,12:37,9.4307,22.347,maio
1838,12:38,9.4316,22.5112,maio
1839,12:39,9.4815,22.6548,maio
1840,12:40,9.5129,22.722,maio
1841,12:41,9.9011,23.5924,maio
1842,12:42,9.8663,23.5863,maio
1843,12:43,10.1488,24.1699,maio
1844,12:44,10.0628,23.8652,maio
1845,12:45,10.332,24.3533,maio
1846,12:46,10.4927,24.4396,maio
1847,12:47,10.6754,24.7526,maio
1848,12:48,10.7535,24.824,maio
1849,12:49,10.7475,24.7518,maio
1850,12:50,10.9184,25.3148,maio
1851,12:51,11.1577,25.9343,maio
1852,12:52,11.4458,26.3362,maio
1853,12:53,11.4644,26.3234,maio
1854,12:54,11.2511,25.8646,maio
1855,12:55,11.4041,25.9169,maio
1856,12:56,11.5221,26.3732,maio
1857,12:57,11.909,26.9806,maio
1858,12:58,11.4557,26.1003,maio
1859,12:59,11.5356,26.1802,maio
1860,13:00,11.4439,25.8604,maio
1861,13:01,11.0813,25.4187,maio
1862,13:02,11.1541,25.4175,maio
1863,13:03,11.1427,25.1102,maio
1864,13:04,11.4305,25.5652,maio
1865,13:05,11.4305,25.6366,maio
1866,13:06,11.4726,25.7435,maio
1867,13:07,11.6648,26.1026,maio
1868,13:08,11.81,26.2598,maio
1869,13:09,11.9585,26.3661,maio
1870,13:10,12.1017,26.6242,maio
1871,13:11,11.796,26.1084,maio
1872,13:12,11.8847,26.186,maio
1873,13:13,11.9531,26.4161,maio
1874,13:14,12.0614,26.7242,maio
1875,13:15,12.3468,27.4705,maio
1876,13:16,12.2487,27.085,maio
1877,13:17,12.1794,27.0538,maio
1878,13:18,11.921,26.4587,maio
1879,13:19,11.835,26.1351,maio
1880,13:20,12.1405,26.7771,maio
1881,13:21,12.9367,28.1646,maio
1882,13:22,13.2935,28.7001,maio
1883,13:23,12.9431,27.9866,maio
1884,13:24,12.6116,27.3509,maio
1885,13:25,12.6116,27.2493,maio
1886,13:26,12.7724,27.7543,maio
1887,13:27,13.1118,28.5353,maio
1888,13:28,13.0084,28.1528,maio
1889,13:29,13.1242,28.481,maio
1890,13:30,13.1899,28.695,maio
1891,13:31,13.1941,28.5372,maio
1892,13:32,13.3862,28.9607,maio
1893,13:33,13.5017,29.2883,maio
1894,13:34,13.5127,29.3561,maio
1895,13:35,13.6644,29.6442,maio
1896,13:36,14.1023,30.5614,maio
1897,13:37,14.2698,30.7935,maio
1898,13:38,14.204,30.5289,maio
1899,13:39,14.1808,30.3736,maio
1900,13:40,14.4319,30.6366,maio
1901,13:41,14.1924,30.5882,maio
1902,13:42,14.2131,30.4808,maio
1903,13:43,14.3645,31.063,maio
1904,13:44,14.5725,31.5401,maio
1905,13:45,14.2926,30.641,maio
1906,13:46,14.4081,31.0453,maio
1907,13:47,14.071,30.1478,maio
1908,13:48,14.3148,30.717,maio
1909,13:49,14.5989,31.1926,maio
1910,13:50,14.5667,30.9246,maio
1911,13:51,14.4116,30.4202,maio
1912,13:52,15.0139,31.7112,maio
1913,13:53,15.2005,32.1923,maio
1914,13:54,14.9482,31.5644,maio
1915,13:55,14.8567,31.1095,maio
1916,13:56,14.8231,30.9334,maio
1917,13:57,14.99,31.3017,maio
1918,13:58,15.1215,31.7301,maio
1919,13:59,15.1431,31.7698,maio
1920,14:00,15.0314,31.5917,maio
1921,14:01,14.8927,31.2361,maio
1922,14:02,15.5204,32.4868,maio
1923,14:03,15.8148,33.2154,maio
1924,14:04,15.7738,33.0019,maio
1925,14:05,15.8103,33.0787,maio
1926,14:06,16.0787,33.4376,maio
1927,14:07,16.0695,33.4063,maio
1928,14:08,16.2536,33.6599,maio
1929,14:09,15.843,32.9746,maio
1930,14:10,15.5227,32.3785,maio
1931,14:11,15.6357,32.7301,maio
1932,14:12,15.9092,33.2167,maio
1933,14:13,16.0762,33.5822,maio
1934,14:14,16.1758,33.6762,maio
1935,14:15,16.3079,34.0656,maio
1936,14:16,16.1154,33.9883,maio
1937,14:17,15.1238,31.9836,maio
1938,14:18,15.4081,32.4913,maio
1939,14:19,15.2719,32.0028,maio
1940,14:20,15.0749,31.5765,maio
1941,14:21,14.0362,29.4306,maio
1942,14:22,13.8753,29.2564,maio
1943,14:23,13.3859,28.1319,maio
1944,14:24,13.3217,28.0907,maio
1945,14:25,13.1211,27.7144,maio
1946,14:26,13.2223,28.0778,maio
1947,14:27,13.2342,28.1001,maio
1948,14:28,13.2019,28.1847,maio
1949,14:29,13.1459,28.1339,maio
1950,14:30,13.2351,28.3706,maio
1951,14:31,12.7824,27.5582,maio
1952,14:32,12.7858,27.6622,maio
1953,14:33,12.4968,27.0051,maio
1954,14:34,12.5816,27.2249,maio
1955,14:35,12.5718,27.1335,maio
1956,14:36,12.4517,26.6391,maio
1957,14:37,12.3362,26.5083,maio
1958,14:38,12.415,26.8766,maio
1959,14:39,12.4304,27.1048,maio
1960,14:40,12.6958,27.5723,maio
1961,14:41,12.6188,27.3133,maio
1962,14:42,12.5404,27.0744,maio
1963,14:43,12.5402,27.0154,maio
1964,14:44,12.5915,27.1732,maio
1965,14:45,12.7817,27.6306,maio
1966,14:46,12.6065,27.1787,maio
1967,14:47,12.7082,27.466,maio
1968,14:48,12.738,27.391,maio
1969,14:49,12.8478,27.6693,maio
1970,14:50,12.9315,27.9096,maio
1971,14:51,12.9984,27.9617,maio
1972,14:52,12.7764,27.6169,maio
1973,14:53,12.8535,27.5283,maio
1974,14:54,12.884,27.5883,maio
1975,14:55,12.6998,27.4609,maio
1976,14:56,13.0439,28.0972,maio
1977,14:57,12.9545,27.858,maio
1978,14:58,12.788,27.5474,maio
1979,14:59,12.4226,26.9006,maio
1980,15:00,12.1896,26.2993,maio
1981,15:01,12.037,25.9079,maio
1982,15:02,11.9255,25.6649,maio
1983,15:03,11.7326,25.3339,maio
1984,15:04,11.7975,25.5661,maio
1985,15:05,11.9701,25.8403,maio
1986,15:06,11.7937,25.5882,maio
1987,15:07,12.1734,26.189,maio
1988,15:08,12.2315,26.2743,maio
1989,15:09,12.1597,26.2032,maio
1990,15:10,12.6526,27.2823,maio
1991,15:11,12.447,26.672,maio
1992,15:12,12.2849,26.4821,maio
1993,15:13,12.3103,26.4528,maio
1994,15:14,12.1058,26.1337,maio
1995,15:15,12.2243,26.5138,maio
1996,15:16,12.6492,27.4748,maio
1997,15:17,12.4617,27.068,maio
1998,15:18,12.664,27.609,maio
1999,15:19,12.8829,28.0897,maio
2000,15:20,12.7859,27.8599,maio
2001,15:21,12.9727,27.8166,maio
2002,15:22,12.8811,27.7566,maio
2003,15:23,12.956,27.7827,maio
2004,15:24,13.0546,28.1621,maio
2005,15:25,13.2398,28.505,maio
2006,15:26,13.2249,28.7338,maio
2007,15:27,12.9292,27.9425,maio
2008,15:28,12.8389,27.8103,maio
2009,15:29,12.9654,28.0053,maio
2010,15:30,12.8931,27.9417,maio
2011,15:31,12.8931,27.8402,maio
2012,15:32,12.9575,28.0366,maio
2013,15:33,13.1389,28.3824,maio
2014,15:34,13.0419,27.9979,maio
2015,15:35,13.2104,28.357,maio
2016,15:36,13.4907,28.854,maio
2017,15:37,13.4043,28.7379,maio
2018,15:38,13.1443,28.1713,maio
2019,15:39,12.8224,27.6196,maio
2020,15:40,12.4529,26.7661,maio
2021,15:41,12.4148,26.7289,maio
2022,15:42,11.8043,25.4403,maio
2023,15:43,11.8126,25.3331,maio
2024,15:44,11.9561,25.5809,maio
2025,15:45,12.1939,26.0731,maio
2026,15:46,12.0052,25.7071,maio
2027,15:47,11.8018,25.3511,maio
2028,15:48,11.45,24.3297,maio
2029,15:49,11.5931,24.7449,maio
2030,15:50,11.5508,24.5214,maio
2031,15:51,12.1292,25.5538,maio
2032,15:52,12.4406,26.101,maio
2033,15:53,12.5221,26.2786,maio
2034,15:54,12.7563,26.6957,maio
2035,15:55,13.2862,27.6806,maio
2036,15:56,13.4327,27.9921,maio
2037,15:57,13.9214,28.9515,maio
2038,15:58,14.4747,29.6042,maio
2039,15:59,15.0584,30.7512,maio
2040,16:00,15.2266,31.3868,maio
2041,16:01,15.4593,32.0049,maio
2042,16:02,15.9893,33.0551,maio
2043,16:03,16.3652,33.6934,maio
2044,16:04,16.5956,34.2176,maio
2045,16:05,16.6579,34.2772,maio
2046,16:06,16.9818,34.9766,maio
2047,16:07,17.0659,34.7738,maio
2048,16:08,17.3392,35.3496,maio
2049,16:09,17.6344,36.0179,maio
2050,16:10,17.7413,36.1687,maio
2051,16:11,18.1541,37.0604,maio
2052,16:12,17.9919,36.5056,maio
2053,16:13,18.1515,36.8564,maio
2054,16:14,18.1308,36.5636,maio
2055,16:15,18.1697,36.6397,maio
2056,16:16,18.3954,36.9632,maio
2057,16:17,18.6606,37.3383,maio
2058,16:18,18.7363,37.5037,maio
2059,16:19,18.6503,37.2764,maio
2060,16:20,18.7099,37.4199,maio
2061,16:21,19.1892,38.51,maio
2062,16:22,19.1313,38.6839,maio
2063,16:23,19.5266,39.301,maio
2064,16:24,19.2506,38.6372,maio
2065,16:25,19.5079,38.9171,maio
2066,16:26,19.6716,39.3328,maio
2067,16:27,19.8236,39.6438,maio
2068,16:28,20.1587,40.2334,maio
2069,16:29,20.4381,40.639,maio
2070,16:30,20.4376,40.4377,maio
2071,16:31,20.1528,39.69,maio
2072,16:32,20.0674,39.5534,maio
2073,16:33,20.2699,39.8494,maio
2074,16:34,20.129,39.5744,maio
2075,16:35,19.9233,39.2988,maio
2076,16:36,20.0688,39.5211,maio
2077,16:37,20.4455,40.2166,maio
2078,16:38,20.3534,40.1818,maio
2079,16:39,20.1841,39.8918,maio
2080,16:40,20.2748,40.1516,maio
2081,16:41,20.2753,40.1011,maio
2082,16:42,20.3373,40.1646,maio
2083,16:43,20.2629,40.1969,maio
2084,16:44,20.1912,40.1999,maio
2085,16:45,20.2655,40.1672,maio
2086,16:46,20.2292,40.0217,maio
2087,16:47,20.3042,39.7495,maio
2088,16:48,20.4764,40.011,maio
2089,16:49,20.4835,40.2118,maio
2090,16:50,20.4586,40.0437,maio
2091,16:51,19.8914,38.8379,maio
2092,16:52,19.4576,38.0199,maio
2093,16:53,19.1636,37.621,maio
2094,16:54,19.3745,38.0553,maio
2095,16:55,19.1549,37.6373,maio
2096,16:56,19.3109,37.7115,maio
2097,16:57,18.9738,37.0,maio
2098,16:58,19.1727,37.27,maio
2099,16:59,19.42,37.9741,maio
2100,17:00,19.5415,38.3275,maio
2101,17:01,19.7892,38.6516,maio
2102,17:02,19.8344,38.7481,maio
2103,17:03,19.9961,38.7803,maio
2104,17:04,20.1864,38.9784,maio
2105,17:05,20.1914,39.0442,maio
2106,17:06,20.2001,39.2003,maio
2107,17:07,20.0811,39.0257,maio
2108,17:08,20.5688,39.8473,maio
2109,17:09,21.0659,40.7518,maio
2110,17:10,21.2803,41.0614,maio
2111,17:11,21.1879,41.0614,maio
2112,17:12,21.2795,41.4445,maio
2113,17:13,20.7539,40.5133,maio
2114,17:14,20.7759,40.4957,maio
2115,17:15,20.8317,40.5928,maio
2116,17:16,21.1784,41.1143,maio
2117,17:17,20.9909,40.6365,maio
2118,17:18,21.4657,41.2599,maio
2119,17:19,21.5975,41.9096,maio
2120,17:20,21.6049,41.9752,maio
2121,17:21,21.642,42.1324,maio
2122,17:22,21.8094,42.525,maio
2123,17:23,22.1556,43.0533,maio
2124,17:24,22.2304,43.0686,maio
2125,17:25,22.5635,43.5755,maio
2126,17:26,22.8342,43.7256,maio
2127,17:27,22.6495,43.4468,maio
2128,17:28,22.6977,43.5446,maio
2129,17:29,22.5135,42.9231,maio
2130,17:30,22.98,43.9564,maio
2131,17:31,22.8055,43.4967,maio
2132,17:32,22.6458,43.0007,maio
2133,17:33,22.6835,43.4107,maio
2134,17:34,22.9448,43.6664,maio
2135,17:35,23.2694,44.1266,maio
2136,17:36,23.4631,44.3791,maio
2137,17:37,23.4811,44.3055,maio
2138,17:38,23.6581,44.3401,maio
2139,17:39,23.7452,44.3708,maio
2140,17:40,23.4091,43.6517,maio
2141,17:41,23.4018,43.7653,maio
2142,17:42,23.3364,43.8144,maio
2143,17:43,23.5026,44.0636,maio
2144,17:44,23.6732,44.4239,maio
2145,17:45,23.9312,44.6265,maio
2146,17:46,24.2051,45.0987,maio
2147,17:47,24.197,45.0756,maio
2148,17:48,24.2326,45.0802,maio
2149,17:49,24.5498,45.6134,maio
2150,17:50,24.5691,45.5653,maio
2151,17:51,24.4732,45.9175,maio
2152,17:52,24.2739,45.385,maio
2153,17:53,23.8683,44.9052,maio
2154,17:54,23.9625,45.1007,maio
2155,17:55,24.103,45.1996,maio
2156,17:56,24.4331,45.6814,maio
2157,17:57,24.6551,46.0015,maio
2158,17:58,24.8518,46.4134,maio
2159,17:59,24.5793,45.8433,maio
2160,18:00,24.5658,45.7696,maio
2161,18:01,24.0679,44.8741,maio
2162,18:02,23.1483,43.7873,maio
2163,18:03,22.2979,42.3034,maio
2164,18:04,21.7422,41.4255,maio
2165,18:05,21.5274,41.1381,maio
2166,18:06,20.7323,39.5976,maio
2167,18:07,19.5292,37.2245,maio
2168,18:08,18.2126,35.1067,maio
2169,18:09,17.6799,34.2246,maio
2170,18:10,17.1087,33.0356,maio
2171,18:11,16.978,32.7253,maio
2172,18:12,16.7274,32.2325,maio
2173,18:13,16.9787,32.6108,maio
2174,18:14,17.1975,32.6999,maio
2175,18:15,16.9256,32.2502,maio
2176,18:16,17.0993,32.3728,maio
2177,18:17,17.2166,32.6569,maio
2178,18:18,16.7637,32.056,maio
2179,18:19,16.5913,31.8042,maio
2180,18:20,16.6889,31.9361,maio
2181,18:21,17.0394,32.5493,maio
2182,18:22,17.09,32.5211,maio
2183,18:23,17.4139,33.1957,maio
2184,18:24,17.2498,32.759,maio
2185,18:25,16.8922,32.2374,maio
2186,18:26,17.0515,32.4468,maio
2187,18:27,17.0177,32.3379,maio
2188,18:28,17.0674,32.5228,maio
2189,18:29,16.9921,32.5159,maio
2190,18:30,16.8631,32.1651,maio
2191,18:31,17.1199,32.5651,maio
2192,18:32,17.4437,33.1469,maio
2193,18:33,17.42,33.0817,maio
2194,18:34,17.2525,32.7958,maio
2195,18:35,17.3246,32.894,maio
2196,18:36,17.5,33.1763,maio
2197,18:37,17.6888,33.4232,maio
2198,18:38,17.4825,33.1556,maio
2199,18:39,17.765,33.6428,maio
2200,18:40,17.7572,33.7398,maio
2201,18:41,17.8024,33.7561,maio
2202,18:42,17.7631,33.4377,maio
2203,18:43,17.9603,33.9974,maio
2204,18:44,18.1619,34.2361,maio
2205,18:45,17.7208,33.4362,maio
2206,18:46,17.7143,33.364,maio
2207,18:47,17.6526,33.2661,maio
2208,18:48,17.6546,33.2036,maio
2209,18:49,17.757,33.3789,maio
2210,18:50,17.7759,33.5266,maio
2211,18:51,17.4484,33.0635,maio
2212,18:52,17.5241,33.2018,maio
2213,18:53,17.2495,32.7598,maio
2214,18:54,17.4018,32.9482,maio
2215,18:55,17.4127,32.8153,maio
2216,18:56,17.0416,32.2078,maio
2217,18:57,16.9826,32.0897,maio
2218,18:58,16.8139,31.7891,maio
2219,18:59,16.6717,31.6583,maio
2220,19:00,16.6759,31.665,maio
2221,19:01,16.5512,31.3386,maio
2222,19:02,16.7748,31.6084,maio
2223,19:03,17.0543,32.1968,maio
2224,19:04,16.984,31.9908,maio
2225,19:05,16.9102,32.0181,maio
2226,19:06,16.4676,31.2223,maio
2227,19:07,16.3643,30.9755,maio
2228,19:08,16.6435,31.1869,maio
2229,19:09,16.6638,31.1068,maio
2230,19:10,16.9567,31.7361,maio
2231,19:11,17.2091,32.2842,maio
2232,19:12,17.0314,31.9029,maio
2233,19:13,17.1798,32.2392,maio
2234,19:14,17.0916,32.0873,maio
2235,19:15,17.1287,32.1109,maio
2236,19:16,17.2077,32.2419,maio
2237,19:17,17.0409,31.9462,maio
2238,19:18,16.8779,31.4954,maio
2239,19:19,17.0233,31.7333,maio
2240,19:20,17.0693,31.7737,maio
2241,19:21,17.0707,31.7309,maio
2242,19:22,16.9759,31.4974,maio
2243,19:23,16.9906,31.5252,maio
2244,19:24,17.0235,31.4563,maio
2245,19:25,16.7364,30.9208,maio
2246,19:26,17.1521,31.6354,maio
2247,19:27,17.2697,31.9735,maio
2248,19:28,17.3052,31.9178,maio
2249,19:29,17.2541,31.8381,maio
2250,19:30,17.3682,31.9539,maio
2251,19:31,17.4784,31.9019,maio
2252,19:32,17.5597,32.4153,maio
2253,19:33,17.4731,32.1862,maio
2254,19:34,17.1979,31.8467,maio
2255,19:35,17.3799,31.9769,maio
2256,19:36,17.3144,31.8262,maio
2257,19:37,17.1361,31.4798,maio
2258,19:38,17.6098,32.39,maio
2259,19:39,17.923,32.9396,maio
2260,19:40,17.742,32.8693,maio
2261,19:41,18.0836,33.4485,maio
2262,19:42,17.9066,33.0052,maio
2263,19:43,17.9066,33.2276,maio
2264,19:44,17.873,33.0651,maio
2265,19:45,17.8174,32.8373,maio
2266,19:46,18.1774,33.3436,maio
2267,19:47,18.4745,33.7118,maio
2268,19:48,18.6975,34.2683,maio
2269,19:49,18.583,34.2355,maio
2270,19:50,18.7062,34.3549,maio
2271,19:51,18.8189,34.8757,maio
2272,19:52,18.9052,35.1343,maio
2273,19:53,18.8179,34.9858,maio
2274,19:54,18.9363,35.2361,maio
2275,19:55,18.8723,35.1299,maio
2276,19:56,18.738,34.6487,maio
2277,19:57,18.2662,33.8246,maio
2278,19:58,18.4434,34.1617,maio
2279,19:59,18.0009,33.4767,maio
2280,20:00,18.3696,34.2055,maio
2281,20:01,18.5117,34.4597,maio
2282,20:02,19.0725,35.3869,maio
2283,20:03,19.0681,35.1141,maio
2284,20:04,18.8708,34.8725,maio
2285,20:05,18.8542,34.8817,maio
2286,20:06,19.0247,35.2813,maio
2287,20:07,18.497,34.3134,maio
2288,20:08,18.6664,34.7843,maio
2289,20:09,18.9421,35.1759,maio
2290,20:10,19.1013,35.3244,maio
2291,20:11,19.3732,35.6415,maio
2292,20:12,19.5922,35.7379,maio
2293,20:13,19.5206,35.7557,maio
2294,20:14,19.4122,35.4876,maio
2295,20:15,19.2525,35.3894,maio
2296,20:16,19.442,35.6575,maio
2297,20:17,19.6285,35.8686,maio
2298,20:18,19.7051,35.9034,maio
2299,20:19,19.5462,35.6099,maio
2300,20:20,19.5113,35.4679,maio
2301,20:21,19.6167,35.6593,maio
2302,20:22,19.6779,35.6845,maio
2303,20:23,19.6096,35.4444,maio
2304,20:24,19.6356,35.7193,maio
2305,20:25,19.3619,35.1218,maio
2306,20:26,19.5446,35.4933,maio
2307,20:27,19.5797,35.5691,maio
2308,20:28,19.6344,35.5925,maio
2309,20:29,19.813,35.5873,maio
2310,20:30,19.6633,35.2714,maio
2311,20:31,19.4549,34.9327,maio
2312,20:32,19.1667,34.2464,maio
2313,20:33,18.7845,33.9629,maio
2314,20:34,19.0459,34.2036,maio
2315,20:35,19.2488,35.0458,maio
2316,20:36,19.2389,34.8252,maio
2317,20:37,19.4093,35.1807,maio
2318,20:38,19.3501,35.1875,maio
2319,20:39,19.5473,35.3466,maio
2320,20:40,20.0429,36.1798,maio
2321,20:41,20.1909,36.3324,maio
2322,20:42,20.173,36.4639,maio
2323,20:43,19.5851,35.6423,maio
2324,20:44,19.2623,35.0436,maio
2325,20:45,19.4276,35.2476,maio
2326,20:46,19.3597,35.0716,maio
2327,20:47,19.1624,35.0316,maio
2328,20:48,18.9534,34.6995,maio
2329,20:49,18.8812,34.5528,maio
2330,20:50,18.7933,34.2654,maio
2331,20:51,19.305,35.1341,maio
2332,20:52,19.0367,34.7494,maio
2333,20:53,18.7788,33.7432,maio
2334,20:54,18.8898,33.8751,maio
2335,20:55,18.9806,34.028,maio
2336,20:56,18.6043,33.35,maio
2337,20:57,18.6883,33.5047,maio
2338,20:58,18.8015,33.566,maio
2339,20:59,18.6999,33.3816,maio
2340,21:00,18.8795,33.9315,maio
2341,21:01,18.9648,34.1254,maio
2342,21:02,19.2201,34.3931,maio
2343,21:03,19.0135,34.2792,maio
2344,21:04,18.8301,33.9923,maio
2345,21:05,19.1846,34.4341,maio
2346,21:06,19.0637,34.2745,maio
2347,21:07,19.2638,34.7613,maio
2348,21:08,19.1955,34.7058,maio
2349,21:09,19.1818,34.8617,maio
2350,21:10,19.2087,34.947,maio
2351,21:11,19.5605,35.4655,maio
2352,21:12,19.4537,35.1899,maio
2353,21:13,19.2582,34.8972,maio
2354,21:14,18.9793,34.4534,maio
2355,21:15,19.1688,34.7015,maio
2356,21:16,19.2038,34.8895,maio
2357,21:17,19.2177,34.8246,maio
2358,21:18,18.8598,34.4029,maio
2359,21:19,18.7639,34.2986,maio
2360,21:20,18.7382,34.4722,maio
2361,21:21,18.4897,34.0004,maio
2362,21:22,18.3274,33.8358,maio
2363,21:23,18.1888,33.861,maio
2364,21:24,18.2594,33.99,maio
2365,21:25,18.3814,34.307,maio
2366,21:26,18.1863,34.1041,maio
2367,21:27,18.4001,34.3724,maio
2368,21:28,18.5346,34.7549,maio
2369,21:29,18.5974,34.9432,maio
2370,21:30,18.6899,35.1437,maio
2371,21:31,18.8534,35.4886,maio
2372,21:32,18.9496,35.4598,maio
2373,21:33,18.5635,34.7906,maio
2374,21:34,18.5707,35.0013,maio
2375,21:35,18.3099,34.6493,maio
2376,21:36,18.3001,34.7602,maio
2377,21:37,18.0677,34.4125,maio
2378,21:38,17.995,34.4562,maio
2379,21:39,18.2381,34.8718,maio
2380,21:40,18.3212,35.2092,maio
2381,21:41,18.5422,35.4585,maio
2382,21:42,18.7211,35.8622,maio
2383,21:43,18.5937,35.4144,maio
2384,21:44,18.6196,35.7122,maio
2385,21:45,18.6217,35.6149,maio
2386,21:46,18.7916,36.0182,maio
2387,21:47,18.8643,36.3405,maio
2388,21:48,18.7028,36.2074,maio
2389,21:49,18.3067,35.614,maio
2390,21:50,18.1984,35.6405,maio
2391,21:51,18.1223,35.6113,maio
2392,21:52,18.1236,35.6309,maio
2393,21:53,17.8813,35.2726,maio
2394,21:54,17.8643,35.1709,maio
2395,21:55,17.8781,35.196,maio
2396,21:56,17.8686,35.3273,maio
2397,21:57,17.688,35.2169,maio
2398,21:58,17.5128,35.0085,maio
2399,21:59,17.6498,35.6112,maio
2400,22:00,17.4555,35.5789,maio
2401,22:01,17.3468,35.288,maio
2402,22:02,17.3182,35.3525,maio
2403,22:03,17.0513,35.0549,maio
2404,22:04,17.1602,35.3726,maio
2405,22:05,16.9883,35.126,maio
2406,22:06,16.9681,35.0955,maio
2407,22:07,16.9272,35.5189,maio
2408,22:08,16.829,35.3347,maio
2409,22:09,17.0828,36.0113,maio
2410,22:10,16.8596,35.5427,maio
2411,22:11,17.0155,35.6851,maio
2412,22:12,17.0766,36.1595,maio
2413,22:13,17.0644,36.3522,maio
2414,22:14,16.7363,35.7876,maio
2415,22:15,16.3881,35.2835,maio
2416,22:16,16.1778,35.2127,maio
2417,22:17,15.9874,35.3519,maio
2418,22:18,15.9011,35.0416,maio
2419,22:19,15.8126,34.8995,maio
2420,22:20,15.5415,34.5838,maio
2421,22:21,15.3948,34.3561,maio
2422,22:22,15.4385,34.2276,maio
2423,22:23,15.3342,34.2059,maio
2424,22:24,15.2176,34.2377,maio
2425,22:25,15.1317,34.4152,maio
2426,22:26,15.1317,34.5796,maio
2427,22:27,14.942,34.5613,maio
2428,22:28,14.8168,34.492,maio
2429,22:29,15.0156,35.0715,maio
2430,22:30,14.8407,34.8714,maio
2431,22:31,14.8359,35.2325,maio
2432,22:32,14.9234,35.6168,maio
2433,22:33,14.5488,34.6705,maio
2434,22:34,14.4167,34.6757,maio
2435,22:35,14.4838,35.2936,maio
2436,22:36,14.4819,35.3797,maio
2437,22:37,14.3318,35.4161,maio
2438,22:38,14.1288,35.2297,maio
2439,22:39,14.0361,35.1352,maio
2440,22:40,14.3136,35.8115,maio
2441,22:41,14.1892,35.5249,maio
2442,22:42,14.0493,35.3661,maio
2443,22:43,13.9432,35.0501,maio
2444,22:44,13.718,35.0899,maio
2445,22:45,13.5284,35.0749,maio
2446,22:46,13.0127,34.5354,maio
2447,22:47,12.8958,33.9425,maio
2448,22:48,13.032,34.2287,maio
2449,22:49,13.2812,34.7162,maio
2450,22:50,13.2047,35.0951,maio
2451,22:51,13.1938,35.4317,maio
2452,22:52,13.0534,35.4402,maio
2453,22:53,12.874,35.3323,maio
2454,22:54,12.874,35.3659,maio
2455,22:55,12.9789,35.713,maio
2456,22:56,12.8774,35.5532,maio
2457,22:57,12.9779,35.6419,maio
2458,22:58,12.7859,35.4208,maio
2459,22:59,12.9774,36.2276,maio
2460,23:00,13.2263,36.7625,maio
2461,23:01,13.2186,36.9634,maio
2462,23:02,12.8501,36.1006,maio
2463,23:03,12.4852,35.257,maio
2464,23:04,12.587,35.707,maio
2465,23:05,12.5805,35.9185,maio
2466,23:06,12.9502,37.5863,maio
2467,23:07,12.6913,37.0182,maio
2468,23:08,12.6636,37.1151,maio
2469,23:09,12.3894,36.3016,maio
2470,23:10,12.287,36.1394,maio
2471,23:11,12.3581,36.3487,maio
2472,23:12,12.6199,37.3776,maio
2473,23:13,12.4255,37.2117,maio
2474,23:14,12.343,37.2874,maio
2475,23:15,12.2485,37.3112,maio
2476,23:16,12.0239,36.8992,maio
2477,23:17,11.8896,36.7948,maio
2478,23:18,11.616,36.2742,maio
2479,23:19,11.4577,35.8848,maio
2480,23:20,11.2391,35.7794,maio
2481,23:21,11.1873,35.4729,maio
2482,23:22,10.7432,35.2923,maio
2483,23:23,10.6668,35.2551,maio
2484,23:24,10.8308,36.1253,maio
2485,23:25,10.6478,35.7933,maio
2486,23:26,10.7642,36.7142,maio
2487,23:27,10.6504,36.8572,maio
2488,23:28,10.4038,36.4195,maio
2489,23:29,10.2148,36.0143,maio
2490,23:30,10.2264,36.0365,maio
2491,23:31,9.8805,35.1257,maio
2492,23:32,9.8805,35.3328,maio
2493,23:33,9.7278,35.0134,maio
2494,23:34,9.3396,33.7596,maio
2495,23:35,9.2768,34.0596,maio
2496,23:36,9.2716,34.6324,maio
2497,23:37,9.1559,34.6045,maio
2498,23:38,8.675,33.1803,maio
2499,23:39,8.1006,31.1669,maio
2500,23:40,7.914,30.627,maio
2501,23:41,7.9975,31.3424,maio
2502,23:42,8.1149,31.6774,maio
2503,23:43,8.0246,31.4097,maio
2504,23:44,8.0246,31.3343,maio
2505,23:45,7.8417,30.8449,maio
2506,23:46,7.7613,30.8321,maio
2507,23:47,7.498,30.2736,maio
2508,23:48,7.5221,30.8832,maio
2509,23:49,7.8279,31.8774,maio
2510,23:50,8.032,32.6908,maio
2511,23:51,8.1189,33.2234,maio
2512,23:52,7.6004,31.9133,maio
2513,23:53,7.5067,31.5709,maio
2514,23:54,7.4139,31.4008,maio
2515,23:55,7.4139,31.8354,maio
2516,23:56,7.4582,31.8052,maio
2517,23:57,7.7057,32.8082,maio
2518,23:58,7.5146,32.3705,maio
2519,23:59,7.4942,32.5263,maio
2520,24:00,7.4111,32.3523,maio
2521,24:01,6.8583,31.0232,maio
2522,24:02,6.7886,30.9511,maio
2523,24:03,6.6839,31.1696,maio
2524,24:04,6.5555,31.1754,maio
2525,24:05,6.5454,31.3305,maio
2526,24:06,6.5549,31.9236,maio
2527,24:07,6.5549,32.2299,maio
2528,24:08,6.3951,31.8021,maio
2529,24:09,6.4072,31.3895,maio
2530,24:10,6.487,32.0884,maio
2531,24:11,6.5597,33.0604,maio
2532,24:12,6.3951,32.0858,maio
2533,24:13,6.6671,33.3369,maio
2534,24:14,6.6756,34.0929,maio
2535,24:15,6.6665,34.0622,maio
2536,24:16,6.4214,33.2491,maio
2537,24:17,6.6125,34.3611,maio
2538,24:18,6.5261,33.9074,maio
2539,24:19,6.5261,34.2071,maio
2540,24:20,6.42,33.6591,maio
2541,24:21,6.4435,34.4039,maio
2542,24:22,6.1894,33.237,maio
2543,24:23,5.9054,31.7676,maio
2544,24:24,5.6349,31.1267,maio
2545,24:25,5.5496,30.6732,maio
2546,24:26,5.3716,30.1021,maio
2547,24:27,5.6944,32.0468,maio
2548,24:28,5.3346,30.6554,maio
2549,24:29,5.4322,31.3188,maio
2550,24:30,5.2345,30.7929,maio
2551,24:31,5.2345,31.0221,maio
2552,24:32,5.5214,32.4011,maio
2553,24:33,5.4388,32.0953,maio
2554,24:34,5.527,32.6158,maio
2555,24:35,5.4513,32.8085,maio
2556,24:36,5.264,32.0854,maio
2557,24:37,4.9904,31.4136,maio
2558,24:38,5.0726,32.1487,maio
2559,24:39,5.1483,32.4233,maio
2560,24:40,5.1691,32.8929,maio
2561,24:41,4.9744,31.8313,maio
2562,24:42,4.8804,31.4338,maio
2563,24:43,4.6997,30.7995,maio
2564,24:44,4.7896,31.5288,maio
2565,24:45,4.7253,31.4973,maio
2566,24:46,4.8315,32.4985,maio
2567,24:47,4.827,33.0629,maio
2568,24:48,4.827,33.3072,maio
2569,24:49,4.9436,34.1876,maio
2570,24:50,4.944,34.3945,maio
2571,24:51,4.9279,34.5475,maio
2572,24:52,4.8113,33.9516,maio
2573,24:53,4.8142,33.9796,maio
2574,24:54,4.7122,33.7078,maio
2575,24:55,4.9716,35.4218,maio
2576,24:56,4.9102,34.9845,maio
2577,24:57,4.9102,34.989,maio
2578,24:58,4.7995,34.8961,maio
2579,24:59,4.7006,34.7702,maio
2580,25:00,4.5992,34.2777,maio
2581,25:01,4.6941,35.1565,maio
2582,25:02,4.6941,35.651,maio
2583,25:03,4.6941,35.7437,maio
2584,25:04,4.4251,34.3931,maio
2585,25:05,4.3517,33.8228,maio
2586,25:06,4.2749,33.8887,maio
2587,25:07,4.2749,34.4247,maio
2588,25:08,4.2749,34.8731,maio
2589,25:09,4.2749,35.4211,maio
2590,25:10,4.1688,34.7233,maio
2591,25:11,4.3261,36.8083,maio
2592,25:12,4.3291,37.6558,maio
2593,25:13,4.4181,38.1425,maio
2594,25:14,4.4181,38.1425,maio
2595,25:15,4.4181,39.0698,maio
2596,25:16,4.6827,42.0977,maio
2597,25:17,5.0471,44.3582,maio
2598,25:18,5.0471,44.0238,maio
2599,25:19,5.0471,44.3889,maio
2600,25:20,5.0471,44.699,maio
2601,25:21,5.0426,44.9987,maio
2602,25:22,4.9395,45.2744,maio
2603,25:23,4.8638,44.5808,maio
2604,25:24,4.7712,44.096,maio
2605,25:25,4.7436,44.1938,maio
2606,25:26,4.8496,45.1814,maio
2607,25:27,4.9557,46.17,maio
2608,25:28,5.1211,47.9554,maio
2609,25:29,5.0404,47.3141,maio
2610,25:30,4.9346,45.9476,maio
2611,25:31,4.9452,46.0464,maio
2612,25:32,4.991,46.6905,maio
2613,25:33,4.991,46.6905,maio
2614,25:34,4.7962,47.0687,maio
2615,25:35,4.6257,45.3953,maio
2616,25:36,4.5404,44.1031,maio
2617,25:37,4.3567,42.2864,maio
2618,25:38,4.3567,42.9519,maio
2619,25:39,4.443,44.5044,maio
2620,25:40,4.5463,46.0017,maio
2621,25:41,4.6408,46.9574,maio
2622,25:42,4.6408,46.9574,maio
2623,25:43,4.6408,47.3532,maio
2624,25:44,4.6504,47.8212,maio
2625,25:45,4.6504,48.3626,maio
2626,25:46,4.6358,49.9305,maio
2627,25:47,4.4563,47.4536,maio
2628,25:48,4.371,46.9771,maio
2629,25:49,4.401,47.2475,maio
2630,25:50,4.401,48.25,maio
2631,25:51,4.5062,49.9254,maio
2632,25:52,4.301,48.181,maio
2633,25:53,4.301,48.0326,maio
2634,25:54,4.301,48.0326,maio
2635,25:55,4.1399,47.0806,maio
2636,25:56,4.0431,47.1367,maio
2637,25:57,3.981,46.2139,maio
2638,25:58,3.902,45.2971,maio
2639,25:59,3.883,45.7412,maio
2640,26:00,3.6842,44.3952,maio
2641,26:01,3.5967,46.3214,maio
2642,26:02,3.4039,44.3336,maio
2643,26:03,3.4957,45.1691,maio
2644,26:04,3.7152,48.0057,maio
2645,26:05,3.7152,48.0934,maio
2646,26:06,3.7942,50.2151,maio
2647,26:07,3.4957,46.7531,maio
2648,26:08,3.4957,45.112,maio
2649,26:09,3.6018,47.6532,maio
2650,26:10,3.6834,48.7321,maio
2651,26:11,3.7968,49.6713,maio
2652,26:12,3.5855,47.5618,maio
2653,26:13,3.4795,47.0844,maio
2654,26:14,3.4795,47.0844,maio
2655,26:15,3.4795,47.5528,maio
2656,26:16,3.4795,47.5528,maio
2657,26:17,3.4795,47.0042,maio
2658,26:18,3.3316,45.9342,maio
2659,26:19,3.435,47.7534,maio
2660,26:20,3.5213,49.6297,maio
2661,26:21,3.5213,50.0236,maio
2662,26:22,3.5436,50.4357,maio
2663,26:23,3.5542,48.4306,maio
2664,26:24,3.5542,49.9732,maio
2665,26:25,3.6299,52.4755,maio
2666,26:26,3.6299,51.2814,maio
2667,26:27,3.7162,53.1415,maio
2668,26:28,3.6101,50.5492,maio
2669,26:29,3.6101,51.0012,maio
2670,26:30,3.5344,48.1132,maio
2671,26:31,3.5344,48.6792,maio
2672,26:32,3.5067,47.7367,maio
2673,26:33,3.4007,48.0426,maio
2674,26:34,3.3144,47.4497,maio
2675,26:35,3.4205,48.9916,maio
2676,26:36,3.3407,49.0082,maio
2677,26:37,3.2651,47.3892,maio
2678,26:38,3.1589,45.2876,maio
2679,26:39,3.1589,45.6533,maio
2680,26:40,3.2651,48.0878,maio
2681,26:41,3.2651,48.0878,maio
2682,26:42,3.2651,48.0878,maio
2683,26:43,3.1785,46.8135,maio
2684,26:44,3.092,45.1186,maio
2685,26:45,3.1785,47.4098,maio
2686,26:46,3.1785,46.3792,maio
2687,26:47,2.9774,43.4439,maio
2688,26:48,3.0835,45.5779,maio
2689,26:49,3.17,46.8568,maio
2690,26:50,3.17,47.2993,maio
2691,26:51,3.17,47.2993,maio
2692,26:52,3.0835,46.0083,maio
2693,26:53,3.0065,46.4189,maio
2694,26:54,3.0065,46.4189,maio
2695,26:55,3.0065,45.9776,maio
2696,26:56,3.0065,46.427,maio
2697,26:57,3.0065,47.0474,maio
2698,26:58,3.163,48.2602,maio
2699,26:59,3.163,49.3805,maio
2700,27:00,3.2581,50.6333,maio
2701,27:01,3.297,51.238,maio
2702,27:02,3.2049,49.9658,maio
2703,27:03,3.2049,51.1492,maio
2704,27:04,3.311,52.8429,maio
2705,27:05,3.2076,51.1937,maio
2706,27:06,3.1226,49.1594,maio
2707,27:07,3.2076,50.1515,maio
2708,27:08,3.1126,48.0242,maio
2709,27:09,3.1126,48.0792,maio
2710,27:10,3.1985,48.9282,maio
2711,27:11,3.1985,48.9282,maio
2712,27:12,3.3825,52.2446,maio
2713,27:13,3.2922,51.5208,maio
2714,27:14,3.2922,50.0727,maio
2715,27:15,3.3022,49.7612,maio
2716,27:16,3.3943,52.7767,maio
2717,27:17,3.2048,50.9923,maio
2718,27:18,3.2899,49.9319,maio
2719,27:19,3.3672,52.2802,maio
2720,27:20,3.3419,50.717,maio
2721,27:21,3.5412,53.7577,maio
2722,27:22,3.5412,54.2623,maio
2723,27:23,3.5412,55.7293,maio
2724,27:24,3.4605,54.5507,maio
2725,27:25,3.3602,53.0942,maio
2726,27:26,3.1936,49.8744,maio
2727,27:27,3.1936,50.3723,maio
2728,27:28,3.1936,50.3831,maio
2729,27:29,3.3475,52.2885,maio
2730,27:30,3.3475,51.6001,maio
2731,27:31,3.2341,50.256,maio
2732,27:32,3.1534,49.1916,maio
2733,27:33,3.1639,47.9433,maio
2734,27:34,3.1639,47.477,maio
2735,27:35,3.1639,46.8763,maio
2736,27:36,3.1639,47.0303,maio
2737,27:37,3.2498,49.6747,maio
2738,27:38,3.1806,48.6648,maio
2739,27:39,3.0947,46.7012,maio
2740,27:40,3.0058,46.3512,maio
2741,27:41,3.0058,46.6929,maio
2742,27:42,3.0947,46.7048,maio
2743,27:43,3.0947,47.9184,maio
2744,27:44,3.2948,53.0283,maio
2745,27:45,3.3807,55.5923,maio
2746,27:46,3.3807,54.7022,maio
2747,27:47,3.4553,54.8483,maio
2748,27:48,3.4535,54.0202,maio
2749,27:49,3.4535,54.5604,maio
2750,27:50,3.5303,55.1316,maio
2751,27:51,3.5303,54.5704,maio
2752,27:52,3.5303,54.5704,maio
2753,27:53,3.611,56.3643,maio
2754,27:54,3.621,56.5207,maio
2755,27:55,3.621,57.4083,maio
2756,27:56,3.621,56.6324,maio
2757,27:57,3.621,57.4037,maio
2758,27:58,3.621,58.201,maio
2759,27:59,3.621,58.201,maio
2760,28:00,3.6045,58.0901,maio
2761,28:01,3.6117,57.6179,maio
2762,28:02,3.5083,55.5631,maio
2763,28:03,3.7596,58.2355,maio
2764,28:04,3.8595,59.722,maio
2765,28:05,3.8595,58.852,maio
2766,28:06,3.8595,57.005,maio
2767,28:07,3.8595,58.852,maio
2768,28:08,3.8595,58.294,maio
2769,28:09,3.7732,57.7433,maio
2770,28:10,3.6947,56.5363,maio
2771,28:11,3.6947,57.7733,maio
2772,28:12,3.6947,57.5033,maio
2773,28:13,3.7185,57.868,maio
2774,28:14,3.7185,58.4437,maio
2775,28:15,3.6186,57.1397,maio
2776,28:16,3.6811,57.057,maio
2777,28:17,3.8889,59.6928,maio
2778,28:18,3.8,58.9323,maio
2779,28:19,3.6911,57.2438,maio
2780,28:20,3.7697,57.8942,maio
2781,28:21,3.7072,57.4866,maio
2782,28:22,3.7072,58.351,maio
2783,28:23,3.7072,58.3589,maio
2784,28:24,3.7072,56.0149,maio
2785,28:25,3.7072,55.1913,maio
2786,28:26,3.8062,56.3652,maio
2787,28:27,3.8852,56.3519,maio
2788,28:28,3.8624,56.5367,maio
2789,28:29,3.9612,58.5172,maio
2790,28:30,4.0567,58.902,maio
2791,28:31,4.0567,58.902,maio
2792,28:32,3.9578,56.9378,maio
2793,28:33,3.9578,56.1659,maio
2794,28:34,3.9578,55.7336,maio
2795,28:35,4.1054,58.3403,maio
2796,28:36,4.1054,57.6407,maio
2797,28:37,4.2836,58.8529,maio
2798,28:38,4.2836,59.3691,maio
2799,28:39,4.2836,59.3691,maio
2800,28:40,4.2836,58.3497,maio
2801,28:41,4.2579,60.6767,maio
2802,28:42,4.2409,59.955,maio
2803,28:43,4.1471,59.9609,maio
2804,28:44,4.1569,59.8269,maio
2805,28:45,4.1924,59.3285,maio
2806,28:46,4.2682,60.3166,maio
2807,28:47,4.3307,59.9465,maio
2808,28:48,4.4877,62.3941,maio
2809,28:49,4.3826,60.6049,maio
2810,28:50,4.3826,61.3379,maio
2811,28:51,4.3826,62.8279,maio
2812,28:52,4.3826,60.7821,maio
2813,28:53,4.4797,62.1513,maio
2814,28:54,4.4797,62.1513,maio
2815,28:55,4.4797,62.0474,maio
2816,28:56,4.4172,60.8184,maio
2817,28:57,4.6635,62.5484,maio
2818,28:58,4.7182,63.2814,maio
2819,28:59,4.689,61.5041,maio
2820,29:00,4.7427,60.9973,maio
2821,29:01,4.573,58.9084,maio
2822,29:02,4.562,57.4122,maio
2823,29:03,4.8222,58.7622,maio
2824,29:04,4.6515,57.2787,maio
2825,29:05,4.7816,57.5697,maio
2826,29:06,4.8712,56.9837,maio
2827,29:07,4.9327,57.2907,maio
2828,29:08,4.874,56.9795,maio
2829,29:09,4.8327,56.5069,maio
2830,29:10,4.7667,54.6148,maio
2831,29:11,4.6633,52.2057,maio
2832,29:12,4.6633,52.7096,maio
2833,29:13,4.6,52.7437,maio
2834,29:14,4.8025,54.5381,maio
2835,29:15,4.781,54.0404,maio
2836,29:16,4.9605,56.1002,maio
2837,29:17,5.2151,57.329,maio
2838,29:18,5.404,59.4056,maio
2839,29:19,5.4681,59.6896,maio
2840,29:20,5.6683,61.7218,maio
2841,29:21,5.5669,60.6186,maio
2842,29:22,5.5669,60.207,maio
2843,29:23,5.6672,60.4476,maio
2844,29:24,5.5217,58.8555,maio
2845,29:25,5.9208,60.6091,maio
2846,29:26,6.0294,61.7672,maio
2847,29:27,6.2778,63.3097,maio
2848,29:28,6.1547,61.5775,maio
2849,29:29,6.1547,61.1932,maio
2850,29:30,6.4317,61.777,maio
2851,29:31,6.8767,65.7853,maio
2852,29:32,6.8767,65.7853,maio
2853,29:33,7.0978,66.6259,maio
2854,29:34,7.2198,67.0541,maio
2855,29:35,7.2789,65.2527,maio
2856,29:36,7.568,67.5152,maio
2857,29:37,7.4811,66.8874,maio
2858,29:38,7.6188,66.5094,maio
2859,29:39,8.0793,68.765,maio
2860,29:40,8.1327,68.697,maio
2861,29:41,8.3815,69.2608,maio
2862,29:42,8.357,69.0029,maio
2863,29:43,8.0953,67.7398,maio
2864,29:44,8.1298,67.5407,maio
2865,29:45,8.3248,68.6495,maio
2866,29:46,8.6563,68.4152,maio
2867,29:47,8.7109,69.7682,maio
2868,29:48,8.6946,69.4646,maio
2869,29:49,8.808,69.5705,maio
2870,29:50,9.3486,70.3221,maio
2871,29:51,9.8013,72.6033,maio
2872,29:52,10.1115,73.6713,maio
2873,29:53,10.0457,73.0979,maio
2874,29:54,9.8672,71.8272,maio
2875,29:55,10.1356,71.0935,maio
2876,29:56,10.5313,71.0174,maio
2877,29:57,10.7979,72.259,maio
2878,29:58,10.9665,72.8379,maio
2879,29:59,10.5932,71.145,maio
